picture,complete_cycle,header_to_complete,pipeline_wait,parsed_bits,refill_wait,capacity_blocked,presentation_hold,ack_latency_sum,ack_count,recon_latency_sum
1,1853367,1853324,1628100,201120,24086,0,0,1620000,8100,1620000
2,3763733,1910330,1628100,251824,30388,0,0,1620000,8100,1620000
3,5801566,2037797,1628100,365096,44583,0,0,1620000,8100,1620000
4,10001923,4200321,1628100,362392,44218,0,2165593,1620000,8100,1620000
5,12029577,2027618,1628100,356096,43404,0,0,1620000,8100,1620000
6,14944849,2915236,1628100,1145040,142078,0,0,1620000,8100,1620000
7,17001277,2056392,1628100,381672,46602,0,0,1620000,8100,1620000
8,18863492,1862179,1628100,209000,25061,0,0,1620000,8100,1620000
9,20714538,1851010,1628100,199072,23820,0,0,1620000,8100,1620000
10,22585415,1870841,1628100,216712,26011,0,0,1620000,8100,1620000
11,24479079,1893628,1628100,236960,28550,0,0,1620000,8100,1620000
12,26370081,1890966,1628100,234592,28256,0,0,1620000,8100,1620000
13,28314621,1944504,1628100,282192,34194,0,0,1620000,8100,1620000
14,30253755,1939098,1628100,277344,33636,0,0,1620000,8100,1620000
15,32191447,1937656,1628100,276080,33458,0,0,1620000,8100,1620000
16,34162210,1970727,1628100,305504,37105,0,0,1620000,8100,1620000
17,36101775,1939529,1628100,277720,33691,0,0,1620000,8100,1620000
18,38082233,1980422,1628100,314088,38216,0,0,1620000,8100,1620000
19,40032867,1950598,1628100,287576,34904,0,0,1620000,8100,1620000
20,41983868,1950965,1628100,287888,34959,0,0,1620000,8100,1620000
21,43954365,1970461,1628100,289880,35172,0,17291,1620000,8100,1620000
22,45957740,2003339,1628100,291144,35283,0,48794,1620000,8100,1620000
23,47954607,1996831,1628100,286544,34750,0,47419,1620000,8100,1620000
24,49956244,2001601,1628100,286240,34691,0,52552,1620000,8100,1620000
25,51954857,1998577,1628100,283232,34312,0,52915,1620000,8100,1620000
26,53924862,1969969,1628100,254792,30757,0,56302,1620000,8100,1620000
27,55925495,2000597,1628100,253560,30622,0,88297,1620000,8100,1620000
28,57927656,2002125,1628100,253656,30687,0,89664,1620000,8100,1620000
29,59929985,2002293,1628100,253976,30696,0,89503,1620000,8100,1620000
30,61932738,2002717,1628100,254680,30745,0,89174,1620000,8100,1620000
31,63930826,1998052,1628100,251200,30313,0,88421,1620000,8100,1620000
32,65932749,2001887,1628100,251096,30340,0,92333,1620000,8100,1620000
33,67934035,2001250,1628100,250400,30322,0,92410,1620000,8100,1620000
34,69932985,1998914,1628100,247768,29904,0,93124,1620000,8100,1620000
35,71929934,1996913,1628100,243264,29357,0,96174,1620000,8100,1620000
36,73930367,2000397,1628100,241824,29230,0,101225,1620000,8100,1620000
37,75957668,2027265,1628100,264336,32019,0,102792,1620000,8100,1620000
38,77933253,1975549,1628100,240952,28988,0,77491,1620000,8100,1620000
39,79961816,2028527,1628100,264472,32031,0,103906,1620000,8100,1620000
40,81937578,1975726,1628100,241152,29113,0,77343,1620000,8100,1620000
41,83966388,2028774,1628100,265032,32043,0,103581,1620000,8100,1620000
42,85943650,1977226,1628100,243000,29337,0,76771,1620000,8100,1620000
43,87976260,2032574,1628100,270208,32739,0,101509,1620000,8100,1620000
44,89956586,1980290,1628100,250944,30329,0,70899,1620000,8100,1620000
45,91961454,2004832,1628100,253520,30621,0,92573,1620000,8100,1620000
46,93966619,2005129,1628100,256360,30946,0,89705,1620000,8100,1620000
47,95970284,2003629,1628100,257784,31187,0,86540,1620000,8100,1620000
48,97974077,2003757,1628100,259352,31412,0,84875,1620000,8100,1620000
49,99976474,2002361,1628100,259744,31417,0,83082,1620000,8100,1620000
50,101979416,2002906,1628100,260560,31543,0,82685,1620000,8100,1620000
51,103982514,2003062,1628100,261568,31633,0,81743,1620000,8100,1620000
52,105984891,2002341,1628100,261936,31642,0,80645,1620000,8100,1620000
53,107986860,2001933,1628100,261872,31675,0,80268,1620000,8100,1620000
54,109986701,1999805,1628100,259928,31460,0,80299,1620000,8100,1620000
55,111987352,2000615,1628100,258728,31311,0,82458,1620000,8100,1620000
56,113989992,2002604,1628100,259296,31383,0,83807,1620000,8100,1620000
57,115996349,2006321,1628100,263224,31812,0,83167,1620000,8100,1620000
58,117997646,2001261,1628100,262592,31741,0,78810,1620000,8100,1620000
59,119998303,2000621,1628100,261376,31614,0,79513,1620000,8100,1620000
60,121993104,1994765,1628100,254952,30839,0,80856,1620000,8100,1620000
61,124019501,2026361,1628100,276632,33556,0,88055,1620000,8100,1620000
62,125987929,1968392,1628100,246824,29792,0,63658,1620000,8100,1620000
63,128017392,2029427,1628100,271240,32839,0,97230,1620000,8100,1620000
64,129989441,1972013,1628100,244680,29448,0,69767,1620000,8100,1620000
65,132017371,2027894,1628100,267624,32434,0,99718,1620000,8100,1620000
66,134016972,1999565,1628100,265488,32171,0,73788,1620000,8100,1620000
67,136016508,1999500,1628100,263336,31859,0,76187,1620000,8100,1620000
68,138014489,1997945,1628100,259744,31432,0,78651,1620000,8100,1620000
69,140010963,1996438,1628100,254832,30818,0,82670,1620000,8100,1620000
70,142011564,2000565,1628100,253600,30651,0,88196,1620000,8100,1620000
71,144009312,1997712,1628100,249856,30143,0,89595,1620000,8100,1620000
72,146007158,1997810,1628100,246144,29701,0,93847,1620000,8100,1620000
73,148003428,1996234,1628100,241032,29083,0,98001,1620000,8100,1620000
74,150002038,1998574,1628100,238040,28685,0,103731,1620000,8100,1620000
75,152005266,2003192,1628100,239120,28833,0,107121,1620000,8100,1620000
76,154010632,2005330,1628100,242128,29191,0,105893,1620000,8100,1620000
77,156048517,2037849,1628100,273952,33252,0,102527,1620000,8100,1620000
78,158025295,1976742,1628100,251608,30374,0,66642,1620000,8100,1620000
79,160031020,2005689,1628100,254888,30819,0,91864,1620000,8100,1620000
80,162066316,2035260,1628100,284464,34539,0,88139,1620000,8100,1620000
81,164035704,1969352,1628100,255488,30903,0,54843,1620000,8100,1620000
82,166036670,2000930,1628100,254592,30765,0,87455,1620000,8100,1620000
83,168068403,2031697,1628100,281000,34090,0,88489,1620000,8100,1620000
84,170038950,1970511,1628100,253072,30565,0,58756,1620000,8100,1620000
85,172041538,2002552,1628100,253560,30665,0,90209,1620000,8100,1620000
86,174076561,2034987,1628100,282888,34360,0,89621,1620000,8100,1620000
87,176046410,1969813,1628100,254352,30745,0,56598,1620000,8100,1620000
88,178048161,2001715,1628100,254120,30728,0,88749,1620000,8100,1620000
89,180080862,2032665,1628100,281392,34157,0,88998,1620000,8100,1620000
90,182051963,1971065,1628100,253968,30682,0,58297,1620000,8100,1620000
91,184084452,2032453,1628100,281088,34051,0,89196,1620000,8100,1620000
92,186056285,1971797,1628100,254224,30748,0,58707,1620000,8100,1620000
93,188033373,1977052,1628100,232104,27956,0,88874,1620000,8100,1620000
94,189979139,1945730,1628100,182096,21730,0,113786,1620000,8100,1620000
95,191994381,2015206,1628100,193896,23172,0,170020,1620000,8100,1620000
96,193994191,1999774,1628100,191928,22950,0,156778,1620000,8100,1620000
97,196011807,2017580,1628100,205824,24670,0,158968,1620000,8100,1620000
98,198011555,1999712,1628100,203824,24418,0,143352,1620000,8100,1620000
99,200030632,2019041,1628100,218984,26335,0,145604,1620000,8100,1620000
100,202029371,1998703,1628100,216096,25962,0,128527,1620000,8100,1620000
101,204029393,1999986,1628100,214352,25728,0,131788,1620000,8100,1620000
102,206029643,2000214,1628100,212808,25522,0,133766,1620000,8100,1620000
103,208051900,2022221,1628100,230824,27763,0,135516,1620000,8100,1620000
104,210050348,1998412,1628100,227632,27403,0,115259,1620000,8100,1620000
105,212048168,1997784,1628100,223928,26927,0,118811,1620000,8100,1620000
106,214046707,1998503,1628100,220848,26546,0,122991,1620000,8100,1620000
107,216042100,1995357,1628100,214968,25819,0,126452,1620000,8100,1620000
108,218038616,1996480,1628100,210088,25215,0,133059,1620000,8100,1620000
109,220034358,1995706,1628100,204576,24469,0,138543,1620000,8100,1620000
110,222063392,2028998,1628100,228560,27519,0,144801,1620000,8100,1620000
111,224057529,1994101,1628100,221552,26664,0,117767,1620000,8100,1620000
112,226056208,1998643,1628100,218640,26255,0,125630,1620000,8100,1620000
113,228055621,1999377,1628100,216368,25940,0,128951,1620000,8100,1620000
114,230058037,2002380,1628100,216712,26012,0,131538,1620000,8100,1620000
115,232055179,1997106,1628100,212376,25490,0,131122,1620000,8100,1620000
116,234045712,1990497,1628100,202152,24247,0,135980,1620000,8100,1620000
117,236078013,2032265,1628100,229112,27588,0,147447,1620000,8100,1620000
118,238073239,1995190,1628100,223072,26854,0,117146,1620000,8100,1620000
119,240072897,1999622,1628100,221008,26576,0,123920,1620000,8100,1620000
120,242070491,1997558,1628100,217112,26066,0,126262,1620000,8100,1620000
121,244065976,1995449,1628100,211312,25351,0,130668,1620000,8100,1620000
122,246063955,1997943,1628100,207744,24898,0,137183,1620000,8100,1620000
123,248062006,1998015,1628100,204224,24469,0,141204,1620000,8100,1620000
124,250060984,1998942,1628100,201544,24127,0,145153,1620000,8100,1620000
125,252058973,1997953,1628100,197976,23684,0,148175,1620000,8100,1620000
126,254054037,1995028,1628100,191832,22892,0,152186,1620000,8100,1620000
127,256107063,2052990,1628100,237168,28582,0,159122,1620000,8100,1620000
128,258104530,1997431,1628100,233144,28073,0,108096,1620000,8100,1620000
129,260106661,2002095,1628100,233280,28068,0,112629,1620000,8100,1620000
130,262105971,1999274,1628100,230880,27778,0,112498,1620000,8100,1620000
131,264105084,1999077,1628100,228288,27483,0,115188,1620000,8100,1620000
132,266107037,2001917,1628100,228216,27508,0,118075,1620000,8100,1620000
133,268105484,1998411,1628100,225112,27059,0,118122,1620000,8100,1620000
134,270105013,1999493,1628100,222896,26804,0,121675,1620000,8100,1620000
135,272107402,2002353,1628100,223256,26833,0,124146,1620000,8100,1620000
136,274105457,1998019,1628100,219744,26400,0,123757,1620000,8100,1620000
137,276115478,2009985,1628100,226880,27285,0,127702,1620000,8100,1620000
138,278117753,2002239,1628100,227136,27304,0,119681,1620000,8100,1620000
139,280120138,2002349,1628100,227416,27409,0,119406,1620000,8100,1620000
140,282123710,2003536,1628100,228880,27517,0,119021,1620000,8100,1620000
141,284121399,1997653,1628100,224984,27102,0,117449,1620000,8100,1620000
142,286119306,1997871,1628100,221400,26593,0,121760,1620000,8100,1620000
143,288119478,2000136,1628100,219768,26397,0,125853,1620000,8100,1620000
144,290122839,2003325,1628100,220960,26566,0,127681,1620000,8100,1620000
145,292124555,2001680,1628100,220752,26490,0,126320,1620000,8100,1620000
146,294125112,2000521,1628100,219448,26351,0,126604,1620000,8100,1620000
147,296125068,1999920,1628100,217656,26099,0,128047,1620000,8100,1620000
148,298126509,2001405,1628100,217144,26052,0,130091,1620000,8100,1620000
149,300668890,2542345,1628100,697512,86065,0,130650,1620000,8100,1620000
150,303084984,2416058,1628100,701280,86660,0,0,1620000,8100,1620000
151,305220901,2135881,1628100,452272,55491,0,0,1620000,8100,1620000
152,307290142,2069205,1628100,392976,48111,0,0,1620000,8100,1620000
153,309271823,1981645,1628100,315192,38335,0,0,1620000,8100,1620000
154,311230330,1958471,1628100,294592,35761,0,0,1620000,8100,1620000
155,313167948,1937582,1628100,276032,33432,0,0,1620000,8100,1620000
156,315113051,1945067,1628100,282680,34269,0,0,1620000,8100,1620000
157,317066827,1953740,1628100,290408,35214,0,0,1620000,8100,1620000
158,319030225,1963362,1628100,298928,36316,0,0,1620000,8100,1620000
159,320981190,1950929,1628100,287880,34931,0,0,1620000,8100,1620000
160,322943971,1962745,1628100,298392,36235,0,0,1620000,8100,1620000
161,324897660,1953653,1628100,290272,35263,0,0,1620000,8100,1620000
162,326869946,1972250,1628100,306824,37308,0,0,1620000,8100,1620000
163,328842033,1972051,1628100,306656,37277,0,0,1620000,8100,1620000
164,330819252,1977183,1628100,311224,37841,0,0,1620000,8100,1620000
165,332789269,1969981,1628100,304792,37071,0,0,1620000,8100,1620000
166,334769940,1980635,1628100,314256,38261,0,0,1620000,8100,1620000
167,336742010,1972034,1628100,306648,37268,0,0,1620000,8100,1620000
168,338513790,1771744,1628100,128576,15050,0,0,1620000,8100,1620000
169,340329800,1815974,1628100,167944,19912,0,0,1620000,8100,1620000
170,342165957,1836121,1628100,185824,22179,0,0,1620000,8100,1620000
171,344165648,1999655,1628100,211048,25287,0,135202,1620000,8100,1620000
172,346167527,2001843,1628100,210944,25270,0,137511,1620000,8100,1620000
173,348174954,2007391,1628100,215712,25929,0,137632,1620000,8100,1620000
174,350231621,2056631,1628100,264328,31980,0,132205,1620000,8100,1620000
175,352244578,2012921,1628100,274088,33177,0,77538,1620000,8100,1620000
176,354260008,2015394,1628100,286024,34671,0,66581,1620000,8100,1620000
177,356276303,2016259,1628100,298672,36318,0,53151,1620000,8100,1620000
178,358313691,2037352,1628100,330176,40202,0,38856,1620000,8100,1620000
179,360366066,2052339,1628100,374944,45809,0,3468,1620000,8100,1620000
180,362387992,2021890,1628100,350888,42884,0,0,1620000,8100,1620000
181,364405393,2017365,1628100,346888,42359,0,0,1620000,8100,1620000
182,366411735,2006306,1628100,337064,41124,0,0,1620000,8100,1620000
183,368429098,2017327,1628100,346864,42345,0,0,1620000,8100,1620000
184,370432493,2003359,1628100,334472,40769,0,0,1620000,8100,1620000
185,372420275,1987746,1628100,320640,38988,0,0,1620000,8100,1620000
186,374396335,1976024,1628100,310184,37722,0,0,1620000,8100,1620000
187,376358225,1961854,1628100,297560,36176,0,0,1620000,8100,1620000
188,378305396,1947135,1628100,284568,34449,0,0,1620000,8100,1620000
189,380273578,1968146,1628100,274928,33337,0,31763,1620000,8100,1620000
190,382274534,2000920,1628100,274000,33221,0,65581,1620000,8100,1620000
191,384274390,1999820,1628100,272184,32893,0,66625,1620000,8100,1620000
192,386273058,1998632,1628100,269160,32585,0,68769,1620000,8100,1620000
193,388270311,1997217,1628100,264888,32110,0,72101,1620000,8100,1620000
194,390271460,2001113,1628100,264192,31955,0,76848,1620000,8100,1620000
195,392274629,2003133,1628100,265224,32092,0,77699,1620000,8100,1620000
196,394278623,2003958,1628100,266992,32318,0,76530,1620000,8100,1620000
197,396291151,2012492,1628100,276280,33558,0,74536,1620000,8100,1620000
198,398291832,2000645,1628100,275192,33327,0,64008,1620000,8100,1620000
199,400309772,2017904,1628100,289344,35115,0,65327,1620000,8100,1620000
200,402316389,2006581,1628100,293392,35684,0,49387,1620000,8100,1620000
201,404306728,1990303,1628100,283032,34383,0,44770,1620000,8100,1620000
202,406313464,2006700,1628100,287296,34855,0,56431,1620000,8100,1620000
203,408314556,2001056,1628100,286520,34723,0,51695,1620000,8100,1620000
204,410311421,1996829,1628100,281936,34172,0,52603,1620000,8100,1620000
205,412313769,2002312,1628100,282264,34192,0,57738,1620000,8100,1620000
206,414315477,2001672,1628100,281936,34228,0,57390,1620000,8100,1620000
207,416272571,1957058,1628100,242056,29202,0,57682,1620000,8100,1620000
208,418308901,2036294,1628100,272616,32972,0,102588,1620000,8100,1620000
209,420307742,1998805,1628100,269800,32629,0,68258,1620000,8100,1620000
210,422303220,1995442,1628100,263936,31971,0,71417,1620000,8100,1620000
211,424300499,1997243,1628100,259752,31434,0,77939,1620000,8100,1620000
212,426296658,1996123,1628100,254560,30785,0,82660,1620000,8100,1620000
213,428296659,1999965,1628100,252792,30554,0,88501,1620000,8100,1620000
214,430309279,2012584,1628100,262216,31750,0,90500,1620000,8100,1620000
215,432323738,2014423,1628100,273312,33113,0,79880,1620000,8100,1620000
216,434330118,2006344,1628100,277200,33605,0,67421,1620000,8100,1620000
217,436343502,2013348,1628100,287360,34829,0,63041,1620000,8100,1620000
218,438355452,2011914,1628100,296168,35971,0,51657,1620000,8100,1620000
219,440361256,2005768,1628100,299520,36423,0,41707,1620000,8100,1620000
220,442324370,1963078,1628100,264992,32065,0,37903,1620000,8100,1620000
221,444336518,2012112,1628100,273936,33269,0,76789,1620000,8100,1620000
222,446325752,1989198,1628100,262720,31719,0,66641,1620000,8100,1620000
223,448329172,2003384,1628100,264000,31859,0,79407,1620000,8100,1620000
224,450372631,2043423,1628100,300728,36590,0,77987,1620000,8100,1620000
225,452323578,1950911,1628100,255424,30841,0,36528,1620000,8100,1620000
226,454336191,2012577,1628100,264808,32070,0,87581,1620000,8100,1620000
227,456385129,2048902,1628100,306552,37264,0,76968,1620000,8100,1620000
228,458331720,1946555,1628100,257296,31111,0,30030,1620000,8100,1620000
229,460332922,2001166,1628100,256600,31009,0,85439,1620000,8100,1620000
230,462337529,2004571,1628100,258904,31312,0,86237,1620000,8100,1620000
231,464360061,2022496,1628100,277160,33588,0,83630,1620000,8100,1620000
232,466377506,2017409,1628100,290896,35297,0,63098,1620000,8100,1620000
233,468342731,1965189,1628100,258192,31226,0,47653,1620000,8100,1620000
234,470345055,2002288,1628100,258448,31294,0,84428,1620000,8100,1620000
235,472339991,1994900,1628100,252200,30478,0,84104,1620000,8100,1620000
236,474393549,2053522,1628100,298032,36204,0,91168,1620000,8100,1620000
237,476346785,1953200,1628100,254680,30792,0,39610,1620000,8100,1620000
238,478356814,2009993,1628100,261856,31645,0,88374,1620000,8100,1620000
239,480403838,2046988,1628100,301784,36741,0,80345,1620000,8100,1620000
240,482362276,1958402,1628100,263144,31819,0,35321,1620000,8100,1620000
241,484350197,1987885,1628100,250656,30228,0,78883,1620000,8100,1620000
242,486362976,2012743,1628100,260168,31495,0,92962,1620000,8100,1620000
243,488406988,2043976,1628100,297536,36139,0,82183,1620000,8100,1620000
244,490367797,1960773,1628100,260888,31596,0,40171,1620000,8100,1620000
245,492370563,2002730,1628100,261608,31642,0,81362,1620000,8100,1620000
246,494364782,1994183,1628100,254640,30829,0,80596,1620000,8100,1620000
247,496406095,2041277,1628100,289592,35190,0,88377,1620000,8100,1620000
248,498372743,1966612,1628100,258248,31182,0,49064,1620000,8100,1620000
249,500360564,1987785,1628100,245592,29659,0,84416,1620000,8100,1620000
250,502391978,2031378,1628100,271784,32881,0,98595,1620000,8100,1620000
251,504383875,1991861,1628100,262752,31810,0,69181,1620000,8100,1620000
252,506383864,1999953,1628100,260952,31599,0,79284,1620000,8100,1620000
253,508386134,2002234,1628100,261216,31605,0,81295,1620000,8100,1620000
254,510389058,2002888,1628100,262040,31705,0,81025,1620000,8100,1620000
255,512390849,2001755,1628100,261872,31664,0,80101,1620000,8100,1620000
256,514393042,2002157,1628100,261960,31769,0,80310,1620000,8100,1620000
257,516394469,2001391,1628100,261496,31660,0,80117,1620000,8100,1620000
258,518396998,2002493,1628100,261976,31709,0,80690,1620000,8100,1620000
259,520399662,2002628,1628100,262560,31789,0,80161,1620000,8100,1620000
260,522401485,2001787,1628100,262424,31748,0,79497,1620000,8100,1620000
261,524403540,2002019,1628100,262504,31723,0,79674,1620000,8100,1620000
262,526405214,2001638,1628100,262200,31701,0,79619,1620000,8100,1620000
263,528408091,2002841,1628100,262912,31866,0,79945,1620000,8100,1620000
264,530419262,2011135,1628100,271088,32861,0,79068,1620000,8100,1620000
265,532423090,2003792,1628100,272744,33033,0,69897,1620000,8100,1620000
266,534421757,1998631,1628100,269752,32692,0,68069,1620000,8100,1620000
267,536416513,1994720,1628100,263352,31848,0,71402,1620000,8100,1620000
268,538418263,2001714,1628100,263064,31886,0,78646,1620000,8100,1620000
269,540419968,2001669,1628100,262768,31887,0,78896,1620000,8100,1620000
270,542421521,2001517,1628100,262440,31768,0,79191,1620000,8100,1620000
271,544423291,2001734,1628100,262232,31746,0,79638,1620000,8100,1620000
272,546425037,2001710,1628100,262008,31716,0,79868,1620000,8100,1620000
273,548427031,2001958,1628100,262000,31718,0,80122,1620000,8100,1620000
274,550429264,2002197,1628100,262232,31719,0,80128,1620000,8100,1620000
275,552444548,2015248,1628100,274064,33171,0,79895,1620000,8100,1620000
276,554467190,2022606,1628100,292392,35485,0,66611,1620000,8100,1620000
277,556481645,2014419,1628100,303432,36900,0,45969,1620000,8100,1620000
278,558478477,1996796,1628100,298816,36348,0,33514,1620000,8100,1620000
279,560474229,1995716,1628100,293344,35572,0,38682,1620000,8100,1620000
280,562422039,1947774,1628100,245144,29582,0,44930,1620000,8100,1620000
281,564411159,1989084,1628100,233664,28182,0,99120,1620000,8100,1620000
282,566446789,2035594,1628100,263536,31940,0,112000,1620000,8100,1620000
283,568449281,2002456,1628100,263984,31984,0,78370,1620000,8100,1620000
284,570452140,2002823,1628100,264800,32027,0,77878,1620000,8100,1620000
285,572453938,2001762,1628100,264568,32057,0,77019,1620000,8100,1620000
286,574456066,2002092,1628100,264704,32049,0,77221,1620000,8100,1620000
287,576462161,2006059,1628100,268328,32520,0,77093,1620000,8100,1620000
288,578473137,2010940,1628100,276328,33496,0,72998,1620000,8100,1620000
289,580506470,2033297,1628100,304176,36981,0,64022,1620000,8100,1620000
290,582502457,1995951,1628100,298896,36248,0,32689,1620000,8100,1620000
291,584449775,1947282,1628100,250224,30238,0,38702,1620000,8100,1620000
292,586463409,2013598,1628100,260520,31576,0,93384,1620000,8100,1620000
293,588432872,1969427,1628100,231648,27911,0,81750,1620000,8100,1620000
294,590416303,1983395,1628100,215120,25870,0,114287,1620000,8100,1620000
295,592415092,1998753,1628100,212264,25515,0,132856,1620000,8100,1620000
296,594417047,2001919,1628100,212240,25494,0,136067,1620000,8100,1620000
297,596419045,2001962,1628100,212232,25500,0,136112,1620000,8100,1620000
298,598421077,2001996,1628100,212248,25516,0,136114,1620000,8100,1620000
299,600467477,2046364,1628100,251712,30452,0,136082,1620000,8100,1620000
300,602508082,2040569,1628100,286096,34673,0,91682,1620000,8100,1620000
301,604461924,1953806,1628100,243240,29371,0,53077,1620000,8100,1620000
302,606463725,2001765,1628100,243064,29348,0,101235,1620000,8100,1620000
303,608514051,2050290,1628100,286040,34698,0,101434,1620000,8100,1620000
304,610467955,1953868,1628100,243304,29338,0,53108,1620000,8100,1620000
305,612469943,2001952,1628100,243280,29350,0,101204,1620000,8100,1620000
306,614520396,2050417,1628100,286336,34747,0,101216,1620000,8100,1620000
307,616474066,1953634,1628100,243384,29369,0,52763,1620000,8100,1620000
308,618524591,2050489,1628100,286544,34734,0,101093,1620000,8100,1620000
309,620478388,1953761,1628100,243664,29411,0,52568,1620000,8100,1620000
310,622528826,2050402,1628100,286744,34769,0,100771,1620000,8100,1620000
311,624482479,1953617,1628100,243768,29398,0,52333,1620000,8100,1620000
312,626532854,2050339,1628100,286752,34789,0,100680,1620000,8100,1620000
313,628486766,1953876,1628100,244024,29429,0,52305,1620000,8100,1620000
314,630537218,2050416,1628100,287104,34801,0,100393,1620000,8100,1620000
315,632490500,1953246,1628100,243784,29403,0,51941,1620000,8100,1620000
316,634541710,2051174,1628100,287512,34885,0,100659,1620000,8100,1620000
317,636495343,1953597,1628100,244544,29486,0,51449,1620000,8100,1620000
318,638546523,2051144,1628100,288248,34962,0,99816,1620000,8100,1620000
319,640499662,1953103,1628100,244816,29533,0,50636,1620000,8100,1620000
320,642551324,2051626,1628100,288928,35083,0,99497,1620000,8100,1620000
321,644553772,2002412,1628100,289304,35155,0,49835,1620000,8100,1620000
322,646506470,1952662,1628100,245552,29605,0,49387,1620000,8100,1620000
323,648509014,2002508,1628100,246040,29661,0,98689,1620000,8100,1620000
324,650560521,2051471,1628100,289984,35224,0,98145,1620000,8100,1620000
325,652563227,2002670,1628100,290656,35258,0,48638,1620000,8100,1620000
326,654516275,1953012,1628100,247160,29802,0,47932,1620000,8100,1620000
327,656519046,2002735,1628100,247824,29909,0,96884,1620000,8100,1620000
328,658571058,2051976,1628100,292280,35465,0,96113,1620000,8100,1620000
329,660523383,1952289,1628100,248144,29926,0,46101,1620000,8100,1620000
330,662575448,2052029,1628100,292592,35543,0,95776,1620000,8100,1620000
331,664527584,1952100,1628100,248312,29959,0,45711,1620000,8100,1620000
332,666579785,2052165,1628100,292928,35544,0,95575,1620000,8100,1620000
333,668532067,1952246,1628100,248720,30034,0,45374,1620000,8100,1620000
334,670583866,2051763,1628100,293000,35553,0,95092,1620000,8100,1620000
335,672535203,1951301,1628100,247984,29906,0,45293,1620000,8100,1620000
336,674536759,2001520,1628100,247600,29846,0,95956,1620000,8100,1620000
337,676587982,2051187,1628100,291312,35357,0,96400,1620000,8100,1620000
338,678587740,1999722,1628100,289328,35099,0,47177,1620000,8100,1620000
339,680539095,1951319,1628100,244312,29470,0,49419,1620000,8100,1620000
340,682588566,2049435,1628100,286512,34741,0,100064,1620000,8100,1620000
341,684540025,1951423,1628100,241600,29112,0,52593,1620000,8100,1620000
342,686591208,2051147,1628100,285288,34607,0,103134,1620000,8100,1620000
343,688550030,1958786,1628100,246928,29789,0,53951,1620000,8100,1620000
344,690606607,2056541,1628100,295408,35886,0,97129,1620000,8100,1620000
345,692577917,1971274,1628100,268112,32492,0,42552,1620000,8100,1620000
346,694638271,2060318,1628100,320032,38926,0,73242,1620000,8100,1620000
347,696944216,2305909,1628100,590176,72727,0,14888,1620000,8100,1620000
348,699622184,2677932,1628100,934144,115670,0,0,1620000,8100,1620000
349,701828220,2206000,1628100,514616,63266,0,0,1620000,8100,1620000
350,703816152,1987896,1628100,320744,39034,0,0,1620000,8100,1620000
351,705806791,1990603,1628100,323136,39349,0,0,1620000,8100,1620000
352,707794385,1987558,1628100,320464,38976,0,0,1620000,8100,1620000
353,709776574,1982153,1628100,315584,38451,0,0,1620000,8100,1620000
354,711755118,1978508,1628100,312400,37990,0,0,1620000,8100,1620000
355,713728984,1973830,1628100,308208,37504,0,0,1620000,8100,1620000
356,715701710,1972690,1628100,307192,37380,0,0,1620000,8100,1620000
357,717666785,1965039,1628100,300456,36465,0,0,1620000,8100,1620000
358,719626221,1959400,1628100,295432,35850,0,0,1620000,8100,1620000
359,721576740,1950483,1628100,287464,34901,0,0,1620000,8100,1620000
360,723518338,1941562,1628100,279568,33876,0,0,1620000,8100,1620000
361,725446277,1927903,1628100,267440,32345,0,0,1620000,8100,1620000
362,727361090,1914777,1628100,255792,30867,0,0,1620000,8100,1620000
363,729258349,1897223,1628100,240128,28977,0,0,1620000,8100,1620000
364,731142579,1884194,1628100,228616,27460,0,0,1620000,8100,1620000
365,733029396,1886781,1628100,230856,27807,0,0,1620000,8100,1620000
366,734937755,1908323,1628100,250024,30181,0,0,1620000,8100,1620000
367,736853088,1915297,1628100,256208,30971,0,0,1620000,8100,1620000
368,738768204,1915080,1628100,256032,30930,0,0,1620000,8100,1620000
369,740680415,1912175,1628100,253424,30633,0,0,1620000,8100,1620000
370,742601494,1921043,1628100,244664,29517,0,18744,1620000,8100,1620000
371,744614425,2012895,1628100,254384,30728,0,99665,1620000,8100,1620000
372,746605048,1990587,1628100,244232,29503,0,88734,1620000,8100,1620000
373,748611342,2006258,1628100,248064,29965,0,100111,1620000,8100,1620000
374,750600170,1988792,1628100,236336,28521,0,95817,1620000,8100,1620000
375,752607873,2007667,1628100,241376,29184,0,108989,1620000,8100,1620000
376,754603871,1995962,1628100,236104,28454,0,103286,1620000,8100,1620000
377,756603812,1999905,1628100,234240,28259,0,109288,1620000,8100,1620000
378,758924949,2321101,1628100,517960,63676,0,111347,1620000,8100,1620000
379,760689402,1764417,1628100,122160,14139,0,0,1620000,8100,1620000
380,762503317,1813879,1628100,139640,16364,0,29757,1620000,8100,1620000
381,764548598,2045245,1628100,178040,21245,0,217842,1620000,8100,1620000
382,766568961,2020327,1628100,194480,23168,0,174561,1620000,8100,1620000
383,768614493,2045496,1628100,233136,28044,0,156198,1620000,8100,1620000
384,770636765,2022236,1628100,251096,30356,0,112666,1620000,8100,1620000
385,772660726,2023925,1628100,270640,32773,0,92394,1620000,8100,1620000
386,774657155,1996393,1628100,265656,32186,0,70433,1620000,8100,1620000
387,776674928,2017737,1628100,279712,33903,0,76004,1620000,8100,1620000
388,778681667,2006703,1628100,283920,34434,0,60231,1620000,8100,1620000
389,780676645,1994942,1628100,277680,33652,0,55492,1620000,8100,1620000
390,782669174,1992493,1628100,269216,32645,0,62514,1620000,8100,1620000
391,784654808,1985598,1628100,254696,30799,0,71985,1620000,8100,1620000
392,786638953,1984109,1628100,238808,28832,0,88351,1620000,8100,1620000
393,788601485,1962496,1628100,203696,24476,0,106206,1620000,8100,1620000
394,790586032,1984511,1628100,188224,22495,0,145674,1620000,8100,1620000
395,792566371,1980303,1628100,168944,20114,0,163127,1620000,8100,1620000
396,794555372,1988965,1628100,157472,18587,0,184788,1620000,8100,1620000
397,796547817,1992409,1628100,148936,17568,0,197787,1620000,8100,1620000
398,798556399,2008546,1628100,154760,18326,0,207342,1620000,8100,1620000
399,800564335,2007900,1628100,160072,18950,0,200760,1620000,8100,1620000
400,802604236,2039865,1628100,193768,23155,0,194824,1620000,8100,1620000
401,804611751,2007479,1628100,198680,23758,0,156923,1620000,8100,1620000
402,806628915,2017128,1628100,212120,25482,0,151408,1620000,8100,1620000
403,808630143,2001192,1628100,211456,25374,0,136244,1620000,8100,1620000
404,810643568,2013389,1628100,221624,26631,0,137016,1620000,8100,1620000
405,812664152,2020548,1628100,238080,28759,0,125591,1620000,8100,1620000
406,814776911,2112723,1628100,336624,40974,0,107007,1620000,8100,1620000
407,816764011,1987064,1628100,319976,38970,0,0,1620000,8100,1620000
408,818702411,1938364,1628100,266848,32250,0,11148,1620000,8100,1620000
409,820739143,2036696,1628100,297688,36142,0,74748,1620000,8100,1620000
410,822809803,2070624,1628100,358728,43762,0,40016,1620000,8100,1620000
411,824827515,2017676,1628100,347168,42390,0,0,1620000,8100,1620000
412,826792397,1964846,1628100,300264,36464,0,0,1620000,8100,1620000
413,828756011,1963578,1628100,299152,36308,0,0,1620000,8100,1620000
414,830733670,1977623,1628100,283912,34445,0,31148,1620000,8100,1620000
415,832762343,2028637,1628100,307624,37406,0,55489,1620000,8100,1620000
416,834785981,2023602,1628100,326832,39836,0,28816,1620000,8100,1620000
417,836803693,2017676,1628100,340840,41540,0,7178,1620000,8100,1620000
418,838792646,1988917,1628100,321640,39159,0,0,1620000,8100,1620000
419,840816029,2023347,1628100,348248,42468,0,4513,1620000,8100,1620000
420,842829764,2013699,1628100,343648,41933,0,0,1620000,8100,1620000
421,844837457,2007657,1628100,338320,41219,0,0,1620000,8100,1620000
422,846883733,2046240,1628100,372616,45506,0,0,1620000,8100,1620000
423,848942733,2058964,1628100,383872,46974,0,0,1620000,8100,1620000
424,851008546,2065777,1628100,389944,47715,0,0,1620000,8100,1620000
425,853093046,2084464,1628100,406560,49786,0,0,1620000,8100,1620000
426,855129322,2036240,1628100,363688,44434,0,0,1620000,8100,1620000
427,857151374,2022016,1628100,351072,42826,0,0,1620000,8100,1620000
428,859149135,1997725,1628100,329496,40111,0,0,1620000,8100,1620000
429,861151748,2002577,1628100,333768,40691,0,0,1620000,8100,1620000
430,863037702,1885918,1628100,230088,27712,0,0,1620000,8100,1620000
431,864904112,1866374,1628100,212728,25528,0,0,1620000,8100,1620000
432,866777739,1873591,1628100,219104,26369,0,0,1620000,8100,1620000
433,868714666,1936891,1628100,233216,28137,0,47420,1620000,8100,1620000
434,870716455,2001753,1628100,233032,28110,0,112493,1620000,8100,1620000
435,872733562,2017071,1628100,246480,29769,0,112704,1620000,8100,1620000
436,874733670,2000072,1628100,244816,29541,0,97597,1620000,8100,1620000
437,876736111,2002405,1628100,245176,29622,0,99489,1620000,8100,1620000
438,878756091,2019944,1628100,261176,31602,0,99048,1620000,8100,1620000
439,880758148,2002021,1628100,261248,31587,0,81068,1620000,8100,1620000
440,882760654,2002470,1628100,261656,31685,0,81011,1620000,8100,1620000
441,884763018,2002328,1628100,261968,31737,0,80505,1620000,8100,1620000
442,886764552,2001498,1628100,261584,31655,0,80141,1620000,8100,1620000
443,888766810,2002222,1628100,261760,31737,0,80607,1620000,8100,1620000
444,890769133,2002287,1628100,262104,31716,0,80349,1620000,8100,1620000
445,892771045,2001876,1628100,262016,31716,0,80026,1620000,8100,1620000
446,894773599,2002518,1628100,262512,31774,0,80114,1620000,8100,1620000
447,896776258,2002623,1628100,263128,31817,0,79560,1620000,8100,1620000
448,898778076,2001782,1628100,262928,31835,0,78901,1620000,8100,1620000
449,900780083,2001971,1628100,262968,31802,0,79083,1620000,8100,1620000
