picture,start_cycle,complete_cycle,decode_cycles,interval_cycles,bytes,pixels,ac_coefficients,blocks,pipeline_wait,parse_bits,transform_cycles,quant_sum
1,41,1949225,1949184,1949225,35845,518400,29076,8100,1628100,286336,1036800,24300
2,1949260,3989801,2040541,2040576,45988,518400,41094,8100,1628100,367528,1036800,16200
3,3989836,6027581,2037745,2037780,45680,518400,41019,8100,1628100,365064,1036800,16200
4,6027616,8062300,2034684,2034719,45343,518400,40653,8100,1628100,362368,1036800,16200
5,8062335,10089939,2027604,2027639,44557,518400,39838,8100,1628100,356080,1036800,16200
6,10089974,13005159,2915185,2915220,143171,518400,142981,8100,1628100,1144992,1036800,16200
7,13005194,15091683,2086489,2086524,51095,518400,62076,8100,1628100,408384,1036800,48600
8,15091718,16892347,1800629,1800664,19332,518400,15823,8100,1628100,154280,1036800,129600
9,16892382,18765729,1873347,1873382,27413,518400,27433,8100,1628100,218928,1036800,97200
10,18765764,20642994,1877230,1877265,27847,518400,28158,8100,1628100,222400,1036800,97200
11,20643029,22531830,1888801,1888836,29128,518400,28890,8100,1628100,232648,1036800,81000
12,22531865,24486405,1954540,1954575,36427,518400,40989,8100,1628100,291040,1036800,72900
13,24486440,26441653,1955213,1955248,36507,518400,41448,8100,1628100,291680,1036800,72900
14,26441688,28404069,1962381,1962416,37308,518400,40839,8100,1628100,298088,1036800,64800
15,28404104,30381558,1977454,1977489,38981,518400,40893,8100,1628100,311472,1036800,56700
16,30381593,32358329,1976736,1976771,38903,518400,40686,8100,1628100,310848,1036800,56700
17,32358364,34338311,1979947,1979982,39262,518400,41075,8100,1628100,313720,1036800,56700
18,34338346,36325300,1986954,1986989,40043,518400,42242,8100,1628100,319968,1036800,56700
19,36325335,38318288,1992953,1992988,40701,518400,43048,8100,1628100,325232,1036800,56700
20,38318323,40311336,1993013,1993048,40705,518400,43100,8100,1628100,325264,1036800,56700
21,40311371,42306869,1995498,1995533,40981,518400,43500,8100,1628100,327472,1036800,56700
22,42306904,44303873,1996969,1997004,41150,518400,43813,8100,1628100,328824,1036800,56700
23,44303908,46424205,2120297,2120332,54844,518400,68370,8100,1628100,438376,1036800,48600
24,46424240,48384508,1960268,1960303,37073,518400,42605,8100,1628100,296208,1036800,72900
25,48384543,50354719,1970176,1970211,38172,518400,42448,8100,1628100,305000,1036800,64800
26,50354754,52320530,1965776,1965811,37682,518400,41879,8100,1628100,301080,1036800,64800
27,52320565,54285275,1964710,1964745,37561,518400,41766,8100,1628100,300112,1036800,64800
28,54285310,56267004,1981694,1981729,39447,518400,41667,8100,1628100,315200,1036800,56700
29,56267039,58250139,1983100,1983135,39609,518400,42017,8100,1628100,316496,1036800,56700
30,58250174,60232491,1982317,1982352,39515,518400,41828,8100,1628100,315744,1036800,56700
31,60232526,62333549,2101023,2101058,52713,518400,65835,8100,1628100,421328,1036800,48600
32,62333584,64294681,1961097,1961132,37162,518400,41342,8100,1628100,296920,1036800,64800
33,64294716,66254517,1959801,1959836,37018,518400,41250,8100,1628100,295768,1036800,64800
34,66254552,68227121,1972569,1972604,38435,518400,40864,8100,1628100,307104,1036800,56700
35,68227156,70315471,2088315,2088350,51298,518400,63955,8100,1628100,410008,1036800,48600
36,70315506,72264728,1949222,1949257,35843,518400,40115,8100,1628100,286368,1036800,64800
37,72264763,74228247,1963484,1963519,37421,518400,39714,8100,1628100,298992,1036800,56700
38,74228282,76191875,1963593,1963628,37434,518400,40002,8100,1628100,299096,1036800,56700
39,76191910,78273907,2081997,2082032,50598,518400,63219,8100,1628100,404408,1036800,48600
40,78273942,80237792,1963850,1963885,37465,518400,40008,8100,1628100,299344,1036800,56700
41,80237827,82201658,1963831,1963866,37465,518400,40217,8100,1628100,299344,1036800,56700
42,82201693,84168267,1966574,1966609,37770,518400,40626,8100,1628100,301784,1036800,56700
43,84168302,86259121,2090819,2090854,51575,518400,65068,8100,1628100,412224,1036800,48600
44,86259156,88235873,1976717,1976752,38899,518400,42226,8100,1628100,310816,1036800,56700
45,88235908,90217487,1981579,1981614,39439,518400,43112,8100,1628100,315136,1036800,56700
46,90217522,92203013,1985491,1985526,39881,518400,43754,8100,1628100,318672,1036800,56700
47,92203048,94191640,1988592,1988627,40215,518400,44005,8100,1628100,321344,1036800,56700
48,94191675,96181762,1990087,1990122,40382,518400,44272,8100,1628100,322680,1036800,56700
49,96181797,98172933,1991136,1991171,40499,518400,44504,8100,1628100,323616,1036800,56700
50,98172968,100163657,1990689,1990724,40451,518400,44695,8100,1628100,323232,1036800,56700
51,100163692,102157961,1994269,1994304,40849,518400,45317,8100,1628100,326416,1036800,56700
52,102157996,104151550,1993554,1993589,40767,518400,44998,8100,1628100,325760,1036800,56700
53,104151585,106145729,1994144,1994179,40832,518400,45295,8100,1628100,326280,1036800,56700
54,106145764,108136769,1991005,1991040,40483,518400,44701,8100,1628100,323488,1036800,56700
55,108136804,110126665,1989861,1989896,40354,518400,44530,8100,1628100,322456,1036800,56700
56,110126700,112245622,2118922,2118957,54697,518400,70328,8100,1628100,437200,1036800,48600
57,112245657,114209439,1963782,1963817,37463,518400,45062,8100,1628100,299328,1036800,72900
58,114209474,116186827,1977353,1977388,38965,518400,45441,8100,1628100,311344,1036800,64800
59,116186862,118161857,1974995,1975030,38711,518400,45206,8100,1628100,309312,1036800,64800
60,118161892,120129441,1967549,1967584,37879,518400,43875,8100,1628100,302656,1036800,64800
61,120129476,122091866,1962390,1962425,37306,518400,43239,8100,1628100,298072,1036800,64800
62,122091901,124063924,1972023,1972058,38377,518400,41972,8100,1628100,306640,1036800,56700
63,124063959,126036387,1972428,1972463,38416,518400,41926,8100,1628100,306952,1036800,56700
64,126036422,128126930,2090508,2090543,51548,518400,65874,8100,1628100,412008,1036800,48600
65,128126965,130094795,1967830,1967865,37912,518400,41445,8100,1628100,302920,1036800,56700
66,130094830,132059857,1965027,1965062,37591,518400,40974,8100,1628100,300352,1036800,56700
67,132059892,134141585,2081693,2081728,50561,518400,64049,8100,1628100,404112,1036800,48600
68,134141620,136083244,1941624,1941659,35003,518400,39717,8100,1628100,279648,1036800,64800
69,136083279,138034746,1951467,1951502,36097,518400,38931,8100,1628100,288400,1036800,56700
70,138034781,140099471,2064690,2064725,48669,518400,61285,8100,1628100,388976,1036800,48600
71,140099506,142043994,1944488,1944523,35321,518400,37725,8100,1628100,282192,1036800,56700
72,142044029,144098221,2054192,2054227,47507,518400,59428,8100,1628100,379680,1036800,48600
73,144098256,146031633,1933377,1933412,34079,518400,36267,8100,1628100,272256,1036800,56700
74,146031668,148071984,2040316,2040351,45959,518400,57196,8100,1628100,367296,1036800,48600
75,148072019,150002485,1930466,1930501,33758,518400,35866,8100,1628100,269688,1036800,56700
76,150002520,152049857,2047337,2047372,46744,518400,58339,8100,1628100,373576,1036800,48600
77,152049892,153990308,1940416,1940451,34861,518400,37328,8100,1628100,278512,1036800,56700
78,153990343,156052103,2061760,2061795,48350,518400,60672,8100,1628100,386424,1036800,48600
79,156052138,158002705,1950567,1950602,35987,518400,38589,8100,1628100,287520,1036800,56700
80,158002740,160072134,2069394,2069429,49196,518400,61926,8100,1628100,393192,1036800,48600
81,160072169,162008423,1936254,1936289,34405,518400,38841,8100,1628100,274864,1036800,64800
82,162008458,163959048,1950590,1950625,35995,518400,38516,8100,1628100,287584,1036800,56700
83,163959083,166023183,2064100,2064135,48606,518400,61087,8100,1628100,388472,1036800,48600
84,166023218,167972066,1948848,1948883,35805,518400,38563,8100,1628100,286064,1036800,56700
85,167972101,170035917,2063816,2063851,48581,518400,60834,8100,1628100,388272,1036800,48600
86,170035952,171971650,1935698,1935733,34346,518400,38624,8100,1628100,274392,1036800,64800
87,171971685,173921969,1950284,1950319,35959,518400,38356,8100,1628100,287296,1036800,56700
88,173922004,175986058,2064054,2064089,48604,518400,60701,8100,1628100,388456,1036800,48600
89,175986093,177935889,1949796,1949831,35903,518400,38104,8100,1628100,286848,1036800,56700
90,177935924,179998952,2063028,2063063,48485,518400,60525,8100,1628100,387504,1036800,48600
91,179998987,181947819,1948832,1948867,35803,518400,37966,8100,1628100,286048,1036800,56700
92,181947854,183897355,1949501,1949536,35875,518400,38140,8100,1628100,286624,1036800,56700
93,183897390,185918035,2020645,2020680,43781,518400,54489,8100,1628100,349872,1036800,48600
94,185918070,187768608,1850538,1850573,24875,518400,17800,8100,1628100,198624,1036800,56700
95,187768643,189674964,1906321,1906356,31079,518400,26487,8100,1628100,248256,1036800,40500
96,189674999,191600440,1925441,1925476,33201,518400,26675,8100,1628100,265232,1036800,32400
97,191600475,193599457,1998982,1999017,41373,518400,35262,8100,1628100,330608,1036800,24300
98,193599492,195592188,1992696,1992731,40674,518400,34533,8100,1628100,325016,1036800,24300
99,195592223,197579011,1986788,1986823,40014,518400,33956,8100,1628100,319736,1036800,24300
100,197579046,199667700,2088654,2088689,51333,518400,48239,8100,1628100,410288,1036800,16200
101,199667735,201646645,1978910,1978945,39139,518400,33029,8100,1628100,312736,1036800,24300
102,201646680,203622907,1976227,1976262,38839,518400,32673,8100,1628100,310336,1036800,24300
103,203622942,205690939,2067997,2068032,49036,518400,45546,8100,1628100,391912,1036800,16200
104,205690974,207653530,1962556,1962591,37329,518400,31421,8100,1628100,298256,1036800,24300
105,207653565,209610441,1956876,1956911,36695,518400,30692,8100,1628100,293184,1036800,24300
106,209610476,211657633,2047157,2047192,46722,518400,43330,8100,1628100,373400,1036800,16200
107,211657668,213600654,1942986,1943021,35148,518400,29346,8100,1628100,280808,1036800,24300
108,213600689,215625498,2024809,2024844,44244,518400,41010,8100,1628100,353576,1036800,16200
109,215625533,217639840,2014307,2014342,43074,518400,39382,8100,1628100,344216,1036800,16200
110,217639875,219562711,1922836,1922871,32911,518400,27048,8100,1628100,262912,1036800,24300
111,219562746,221557966,1995220,1995255,40956,518400,37153,8100,1628100,327272,1036800,16200
112,221558001,223550214,1992213,1992248,40616,518400,36692,8100,1628100,324552,1036800,16200
113,223550249,225538524,1988275,1988310,40183,518400,35933,8100,1628100,321088,1036800,16200
114,225538559,227526886,1988327,1988362,40186,518400,36167,8100,1628100,321112,1036800,16200
115,227526921,229507204,1980283,1980318,39289,518400,35443,8100,1628100,313936,1036800,16200
116,229507239,231471498,1964259,1964294,37512,518400,33452,8100,1628100,299720,1036800,16200
117,231471533,233424257,1952724,1952759,36233,518400,32204,8100,1628100,289488,1036800,16200
118,233424292,235368735,1944443,1944478,35311,518400,31069,8100,1628100,282112,1036800,16200
119,235368770,237309032,1940262,1940297,34845,518400,30354,8100,1628100,278384,1036800,16200
120,237309067,239244365,1935298,1935333,34293,518400,29802,8100,1628100,273968,1036800,16200
121,239244400,241171049,1926649,1926684,33333,518400,28916,8100,1628100,266288,1036800,16200
122,241171084,243091029,1919945,1919980,32594,518400,28272,8100,1628100,260376,1036800,16200
123,243091064,245004625,1913561,1913596,31884,518400,27439,8100,1628100,254696,1036800,16200
124,245004660,246914753,1910093,1910128,31490,518400,27073,8100,1628100,251544,1036800,16200
125,246914788,248820723,1905935,1905970,31030,518400,26415,8100,1628100,247864,1036800,16200
126,248820758,250796045,1975287,1975322,38738,518400,25565,8100,1628100,309528,1036800,16200
127,250796080,252790589,1994509,1994544,40874,518400,25122,8100,1628100,326616,1036800,16200
128,252790624,254785101,1994477,1994512,40874,518400,24432,8100,1628100,326616,1036800,16200
129,254785136,256779622,1994486,1994521,40875,518400,24436,8100,1628100,326624,1036800,16200
130,256779657,258774162,1994505,1994540,40874,518400,24272,8100,1628100,326616,1036800,16200
131,258774197,260768683,1994486,1994521,40874,518400,23708,8100,1628100,326616,1036800,16200
132,260768718,262763260,1994542,1994577,40874,518400,23699,8100,1628100,326616,1036800,16200
133,262763295,264757772,1994477,1994512,40874,518400,23330,8100,1628100,326616,1036800,16200
134,264757807,266752313,1994506,1994541,40874,518400,22900,8100,1628100,326616,1036800,16200
135,266752348,268746820,1994472,1994507,40874,518400,22962,8100,1628100,326616,1036800,16200
136,268746855,270741339,1994484,1994519,40874,518400,22337,8100,1628100,326616,1036800,16200
137,270741374,272735847,1994473,1994508,40875,518400,23356,8100,1628100,326624,1036800,16200
138,272735882,274730376,1994494,1994529,40874,518400,23331,8100,1628100,326616,1036800,16200
139,274730411,276724957,1994546,1994581,40874,518400,23333,8100,1628100,326616,1036800,16200
140,276724992,278719453,1994461,1994496,40874,518400,23602,8100,1628100,326616,1036800,16200
141,278719488,280714033,1994545,1994580,40874,518400,23257,8100,1628100,326616,1036800,16200
142,280714068,282708536,1994468,1994503,40874,518400,22700,8100,1628100,326616,1036800,16200
143,282708571,284703081,1994510,1994545,40874,518400,22371,8100,1628100,326616,1036800,16200
144,284703116,286697600,1994484,1994519,40874,518400,22561,8100,1628100,326616,1036800,16200
145,286697635,288692124,1994489,1994524,40875,518400,22600,8100,1628100,326624,1036800,16200
146,288692159,290686635,1994476,1994511,40874,518400,22332,8100,1628100,326616,1036800,16200
147,290686670,292681146,1994476,1994511,40874,518400,22226,8100,1628100,326616,1036800,16200
148,292681181,294675664,1994483,1994518,40874,518400,22160,8100,1628100,326616,1036800,16200
149,294675699,297087307,2411608,2411643,87228,518400,94094,8100,1628100,697448,1036800,16200
150,297087342,299503328,2415986,2416021,87698,518400,94356,8100,1628100,701208,1036800,16200
151,299503363,301740335,2236972,2237007,67815,518400,71302,8100,1628100,542144,1036800,24300
152,301740370,303795250,2054880,2054915,47580,518400,53265,8100,1628100,380264,1036800,40500
153,303795285,305835235,2039950,2039985,45926,518400,52649,8100,1628100,367032,1036800,48600
154,305835270,307786522,1951252,1951287,36075,518400,37985,8100,1628100,288224,1036800,64800
155,307786557,309744192,1957635,1957670,36777,518400,38777,8100,1628100,293840,1036800,64800
156,309744227,311710084,1965857,1965892,37689,518400,39883,8100,1628100,301136,1036800,64800
157,311710119,313684488,1974369,1974404,38634,518400,41232,8100,1628100,308696,1036800,64800
158,313684523,315654693,1970170,1970205,38171,518400,42261,8100,1628100,304992,1036800,72900
159,315654728,317638501,1983773,1983808,39677,518400,44458,8100,1628100,317040,1036800,72900
160,317638536,319634540,1996004,1996039,41040,518400,46533,8100,1628100,327944,1036800,72900
161,319634575,321587090,1952515,1952550,36214,518400,36981,8100,1628100,289336,1036800,81000
162,321587125,323620366,2033241,2033276,45177,518400,52009,8100,1628100,361040,1036800,72900
163,323620401,325614950,1994549,1994584,40881,518400,42463,8100,1628100,326672,1036800,81000
164,325614985,327627394,2012409,2012444,42864,518400,46430,8100,1628100,342536,1036800,89100
165,327627429,329617985,1990556,1990591,40435,518400,41357,8100,1628100,323104,1036800,105300
166,329618020,331642925,2024905,2024940,44255,518400,46523,8100,1628100,353664,1036800,113400
167,331642960,333663011,2020051,2020086,43716,518400,43896,8100,1628100,349352,1036800,137700
168,333663046,335444234,1781188,1781223,17169,518400,13605,8100,1628100,136976,1036800,72900
169,335444269,337275476,1831207,1831242,22728,518400,19421,8100,1628100,181448,1036800,40500
170,337275511,339180732,1905221,1905256,30949,518400,26199,8100,1628100,247216,1036800,24300
171,339180767,341086023,1905256,1905291,30953,518400,26199,8100,1628100,247248,1036800,24300
172,341086058,343071504,1985446,1985481,39866,518400,37301,8100,1628100,318552,1036800,16200
173,343071539,345065284,1993745,1993780,40795,518400,38568,8100,1628100,325984,1036800,16200
174,345065319,347070441,2005122,2005157,42050,518400,39858,8100,1628100,336024,1036800,16200
175,347070476,349088948,2018472,2018507,43539,518400,41262,8100,1628100,347936,1036800,16200
176,349088983,351122985,2034002,2034037,45258,518400,42313,8100,1628100,361688,1036800,16200
177,351123020,353172064,2049044,2049079,46929,518400,43008,8100,1628100,375056,1036800,16200
178,353172099,355261467,2089368,2089403,51411,518400,46521,8100,1628100,410912,1036800,16200
179,355261502,357415360,2153858,2153893,58578,518400,54138,8100,1628100,468248,1036800,16200
180,357415395,359499355,2083960,2083995,50819,518400,45080,8100,1628100,406176,1036800,24300
181,359499390,361582005,2082615,2082650,50665,518400,46617,8100,1628100,404944,1036800,24300
182,361582040,363558884,1976844,1976879,38911,518400,35412,8100,1628100,310912,1036800,32400
183,363558919,365545417,1986498,1986533,39981,518400,36850,8100,1628100,319472,1036800,32400
184,365545452,367520584,1975132,1975167,38719,518400,35044,8100,1628100,309376,1036800,32400
185,367520619,369481723,1961104,1961139,37163,518400,33424,8100,1628100,296928,1036800,32400
186,369481758,371431998,1950240,1950275,35957,518400,32097,8100,1628100,287280,1036800,32400
187,371432033,373369442,1937409,1937444,34535,518400,30691,8100,1628100,275904,1036800,32400
188,373369477,375371819,2002342,2002377,41746,518400,37692,8100,1628100,333592,1036800,24300
189,375371854,377362562,1990708,1990743,40450,518400,36475,8100,1628100,323224,1036800,24300
190,377362597,379351334,1988737,1988772,40227,518400,36098,8100,1628100,321440,1036800,24300
191,379351369,381337853,1986484,1986519,39983,518400,35922,8100,1628100,319488,1036800,24300
192,381337888,383321189,1983301,1983336,39626,518400,35629,8100,1628100,316632,1036800,24300
193,383321224,385298873,1977649,1977684,39000,518400,34796,8100,1628100,311624,1036800,24300
194,385298908,387276080,1977172,1977207,38945,518400,34895,8100,1628100,311184,1036800,24300
195,387276115,389254316,1978201,1978236,39065,518400,35057,8100,1628100,312144,1036800,24300
196,389254351,391234733,1980382,1980417,39301,518400,35293,8100,1628100,314032,1036800,24300
197,391234768,393226953,1992185,1992220,40614,518400,36742,8100,1628100,324536,1036800,24300
198,393226988,395217240,1990252,1990287,40401,518400,36388,8100,1628100,322832,1036800,24300
199,395217275,397226437,2009162,2009197,42506,518400,38463,8100,1628100,339672,1036800,24300
200,397226472,399240472,2014000,2014035,43041,518400,38906,8100,1628100,343952,1036800,24300
201,399240507,401243035,2002528,2002563,41763,518400,38140,8100,1628100,333728,1036800,24300
202,401243070,403251698,2008628,2008663,42440,518400,39000,8100,1628100,339144,1036800,24300
203,403251733,405259102,2007369,2007404,42306,518400,39076,8100,1628100,338072,1036800,24300
204,405259137,407261548,2002411,2002446,41747,518400,38520,8100,1628100,333600,1036800,24300
205,407261583,409263730,2002147,2002182,41723,518400,38438,8100,1628100,333408,1036800,24300
206,409263765,411265370,2001605,2001640,41655,518400,38488,8100,1628100,332864,1036800,24300
207,411265405,413260872,1995467,1995502,40985,518400,37520,8100,1628100,327504,1036800,24300
208,413260907,415249792,1988885,1988920,40249,518400,36564,8100,1628100,321616,1036800,24300
209,415249827,417234593,1984766,1984801,39794,518400,36098,8100,1628100,317976,1036800,24300
210,417234628,419211361,1976733,1976768,38902,518400,34941,8100,1628100,310840,1036800,24300
211,419211396,421183002,1971606,1971641,38328,518400,34347,8100,1628100,306248,1036800,24300
212,421183037,423147819,1964782,1964817,37571,518400,33393,8100,1628100,300192,1036800,24300
213,423147854,425110529,1962675,1962710,37334,518400,33025,8100,1628100,298296,1036800,24300
214,425110564,427193113,2082549,2082584,50655,518400,49494,8100,1628100,404864,1036800,16200
215,427193148,429181046,1987898,1987933,40145,518400,35975,8100,1628100,320784,1036800,24300
216,429181081,431173334,1992253,1992288,40626,518400,36276,8100,1628100,324632,1036800,24300
217,431173369,433178443,2005074,2005109,42046,518400,37920,8100,1628100,335992,1036800,24300
218,433178478,435195018,2016540,2016575,43321,518400,39120,8100,1628100,346192,1036800,24300
219,435195053,437215649,2020596,2020631,43772,518400,39251,8100,1628100,349800,1036800,24300
220,437215684,439241353,2025669,2025704,44337,518400,39915,8100,1628100,354320,1036800,24300
221,439241388,441282324,2040936,2040971,46033,518400,41986,8100,1628100,367888,1036800,24300
222,441282359,443222121,1939762,1939797,34796,518400,30625,8100,1628100,277992,1036800,32400
223,443222156,445247468,2025312,2025347,44300,518400,40037,8100,1628100,354024,1036800,24300
224,445247503,447271270,2023767,2023802,44127,518400,40302,8100,1628100,352640,1036800,24300
225,447271305,449202613,1931308,1931343,33852,518400,29962,8100,1628100,270440,1036800,32400
226,449202648,451228986,2026338,2026373,44414,518400,40196,8100,1628100,354936,1036800,24300
227,451229021,453174996,1945975,1946010,35479,518400,31528,8100,1628100,283456,1036800,32400
228,453175031,455190582,2015551,2015586,43209,518400,38815,8100,1628100,345296,1036800,24300
229,455190617,457204849,2014232,2014267,43058,518400,38764,8100,1628100,344088,1036800,24300
230,457204884,459223120,2018236,2018271,43504,518400,39275,8100,1628100,347656,1036800,24300
231,459223155,461137430,1914275,1914310,31960,518400,27709,8100,1628100,255304,1036800,32400
232,461137465,463146509,2009044,2009079,42491,518400,37651,8100,1628100,339552,1036800,24300
233,463146544,465162944,2016400,2016435,43307,518400,38848,8100,1628100,346080,1036800,24300
234,465162979,467180368,2017389,2017424,43422,518400,38999,8100,1628100,347000,1036800,24300
235,467180403,469188252,2007849,2007884,42349,518400,38068,8100,1628100,338416,1036800,24300
236,469188287,471124906,1936619,1936654,34448,518400,30363,8100,1628100,275208,1036800,32400
237,471124941,473137042,2012101,2012136,42825,518400,38862,8100,1628100,342224,1036800,24300
238,473137077,475158547,2021470,2021505,43864,518400,39289,8100,1628100,350536,1036800,24300
239,475158582,477100428,1941846,1941881,35013,518400,30568,8100,1628100,279728,1036800,32400
240,477100463,479126298,2025835,2025870,44352,518400,40212,8100,1628100,354440,1036800,24300
241,479126333,481131492,2005159,2005194,42062,518400,37444,8100,1628100,336120,1036800,24300
242,481131527,483151945,2020418,2020453,43744,518400,39361,8100,1628100,349576,1036800,24300
243,483151980,485088304,1936324,1936359,34407,518400,30328,8100,1628100,274880,1036800,32400
244,485088339,487109104,2020765,2020800,43791,518400,39497,8100,1628100,349952,1036800,24300
245,487109139,489131460,2022321,2022356,43966,518400,39527,8100,1628100,351352,1036800,24300
246,489131495,491061889,1930394,1930429,33754,518400,29838,8100,1628100,269656,1036800,32400
247,491061924,493070371,2008447,2008482,42427,518400,38006,8100,1628100,339040,1036800,24300
248,493070406,495088220,2017814,2017849,43465,518400,39390,8100,1628100,347344,1036800,24300
249,495088255,497087336,1999081,1999116,41383,518400,37412,8100,1628100,330688,1036800,24300
250,497087371,499073058,1985687,1985722,39895,518400,35822,8100,1628100,318784,1036800,24300
251,499073093,501047882,1974789,1974824,38677,518400,34625,8100,1628100,309040,1036800,24300
252,501047917,503020816,1972899,1972934,38469,518400,34267,8100,1628100,307376,1036800,24300
253,503020851,504995204,1974353,1974388,38637,518400,34497,8100,1628100,308720,1036800,24300
254,504995239,506969290,1974051,1974086,38602,518400,34420,8100,1628100,308440,1036800,24300
255,506969325,508944368,1975043,1975078,38714,518400,34672,8100,1628100,309336,1036800,24300
256,508944403,510919831,1975428,1975463,38754,518400,34678,8100,1628100,309656,1036800,24300
257,510919866,512894591,1974725,1974760,38678,518400,34528,8100,1628100,309048,1036800,24300
258,512894626,514979739,2085113,2085148,50943,518400,50100,8100,1628100,407168,1036800,16200
259,514979774,516956043,1976269,1976304,38853,518400,34754,8100,1628100,310448,1036800,24300
260,516956078,518931657,1975579,1975614,38769,518400,34687,8100,1628100,309776,1036800,24300
261,518931692,520908158,1976466,1976501,38870,518400,34800,8100,1628100,310584,1036800,24300
262,520908193,522884091,1975898,1975933,38803,518400,34686,8100,1628100,310048,1036800,24300
263,522884126,524970589,2086463,2086498,51084,518400,50120,8100,1628100,408296,1036800,16200
264,524970624,526957211,1986587,1986622,39991,518400,35831,8100,1628100,319552,1036800,24300
265,526957246,528945883,1988637,1988672,40218,518400,36084,8100,1628100,321368,1036800,24300
266,528945918,530931406,1985488,1985523,39870,518400,35852,8100,1628100,318584,1036800,24300
267,530931441,532908735,1977294,1977329,38958,518400,34984,8100,1628100,311288,1036800,24300
268,532908770,534885411,1976641,1976676,38889,518400,34824,8100,1628100,310736,1036800,24300
269,534885446,536861231,1975785,1975820,38796,518400,34668,8100,1628100,309992,1036800,24300
270,536861266,538945799,2084533,2084568,50879,518400,49916,8100,1628100,406656,1036800,16200
271,538945834,540921693,1975859,1975894,38801,518400,34642,8100,1628100,310032,1036800,24300
272,540921728,542896699,1974971,1975006,38706,518400,34596,8100,1628100,309272,1036800,24300
273,542896734,544871646,1974912,1974947,38695,518400,34502,8100,1628100,309184,1036800,24300
274,544871681,546846395,1974714,1974749,38676,518400,34454,8100,1628100,309032,1036800,24300
275,546846430,548835314,1988884,1988919,40250,518400,36029,8100,1628100,321624,1036800,24300
276,548835349,550846568,2011219,2011254,42734,518400,37933,8100,1628100,341496,1036800,24300
277,550846603,552871780,2025177,2025212,44283,518400,39201,8100,1628100,353888,1036800,24300
278,552871815,554891782,2019967,2020002,43702,518400,39120,8100,1628100,349240,1036800,24300
279,554891817,556905147,2013330,2013365,42970,518400,38520,8100,1628100,343384,1036800,24300
280,556905182,558903471,1998289,1998324,41287,518400,36939,8100,1628100,329920,1036800,24300
281,558903506,560884985,1981479,1981514,39422,518400,35266,8100,1628100,315000,1036800,24300
282,560885020,562861565,1976545,1976580,38877,518400,34569,8100,1628100,310640,1036800,24300
283,562861600,564837695,1976095,1976130,38832,518400,34488,8100,1628100,310280,1036800,24300
284,564837730,566815467,1977737,1977772,39010,518400,34778,8100,1628100,311704,1036800,24300
285,566815502,568792286,1976784,1976819,38903,518400,34668,8100,1628100,310848,1036800,24300
286,568792321,570769528,1977207,1977242,38952,518400,34663,8100,1628100,311240,1036800,24300
287,570769563,572861620,2092057,2092092,51716,518400,50539,8100,1628100,413352,1036800,16200
288,572861655,574854175,1992520,1992555,40657,518400,36223,8100,1628100,324880,1036800,24300
289,574854210,576880482,2026272,2026307,44402,518400,38774,8100,1628100,354840,1036800,24300
290,576880517,578898371,2017854,2017889,43467,518400,37157,8100,1628100,347360,1036800,24300
291,578898406,580896535,1998129,1998164,41279,518400,35254,8100,1628100,329856,1036800,24300
292,580896570,582866241,1969671,1969706,38112,518400,32941,8100,1628100,304520,1036800,24300
293,582866276,584798309,1932033,1932068,33931,518400,29244,8100,1628100,271072,1036800,24300
294,584798344,586708322,1909978,1910013,31482,518400,26874,8100,1628100,251480,1036800,24300
295,586708357,588694845,1986488,1986523,39984,518400,37442,8100,1628100,319496,1036800,16200
296,588694880,590681394,1986514,1986549,39991,518400,37452,8100,1628100,319552,1036800,16200
297,590681429,592667894,1986465,1986500,39987,518400,37442,8100,1628100,319520,1036800,16200
298,592667929,594654425,1986496,1986531,39984,518400,37443,8100,1628100,319496,1036800,16200
299,594654460,596640963,1986503,1986538,39986,518400,37443,8100,1628100,319512,1036800,16200
300,596640998,598673356,2032358,2032393,45079,518400,43882,8100,1628100,360256,1036800,16200
301,598673391,600705448,2032057,2032092,45047,518400,43821,8100,1628100,360000,1036800,16200
302,600705483,602737686,2032203,2032238,45059,518400,43851,8100,1628100,360096,1036800,16200
303,602737721,604687473,1949752,1949787,35903,518400,33536,8100,1628100,286848,1036800,24300
304,604687508,606720071,2032563,2032598,45104,518400,43918,8100,1628100,360456,1036800,16200
305,606720106,608670141,1950035,1950070,35935,518400,33550,8100,1628100,287104,1036800,24300
306,608670176,610702644,2032468,2032503,45088,518400,43878,8100,1628100,360328,1036800,16200
307,610702679,612652590,1949911,1949946,35914,518400,33606,8100,1628100,286936,1036800,24300
308,612652625,614685300,2032675,2032710,45119,518400,43969,8100,1628100,360576,1036800,16200
309,614685335,616718433,2033098,2033133,45161,518400,43980,8100,1628100,360912,1036800,16200
310,616718468,618668625,1950157,1950192,35944,518400,33626,8100,1628100,287176,1036800,24300
311,618668660,620701987,2033327,2033362,45187,518400,44027,8100,1628100,361120,1036800,16200
312,620702022,622652285,1950263,1950298,35963,518400,33614,8100,1628100,287328,1036800,24300
313,622652320,624685529,2033209,2033244,45178,518400,43999,8100,1628100,361048,1036800,16200
314,624685564,626635846,1950282,1950317,35958,518400,33534,8100,1628100,287288,1036800,24300
315,626635881,628669302,2033421,2033456,45195,518400,44082,8100,1628100,361184,1036800,16200
316,628669337,630620397,1951060,1951095,36045,518400,33675,8100,1628100,287984,1036800,24300
317,630620432,632655078,2034646,2034681,45333,518400,44162,8100,1628100,362288,1036800,16200
318,632655113,634606761,1951648,1951683,36111,518400,33810,8100,1628100,288512,1036800,24300
319,634606796,636642268,2035472,2035507,45419,518400,44327,8100,1628100,362976,1036800,16200
320,636642303,638594872,1952569,1952604,36213,518400,33932,8100,1628100,289328,1036800,24300
321,638594907,640631423,2036516,2036551,45542,518400,44428,8100,1628100,363960,1036800,16200
322,640631458,642584744,1953286,1953321,36292,518400,33967,8100,1628100,289960,1036800,24300
323,642584779,644622023,2037244,2037279,45619,518400,44463,8100,1628100,364576,1036800,16200
324,644622058,646576057,1953999,1954034,36370,518400,34134,8100,1628100,290584,1036800,24300
325,646576092,648615091,2038999,2039034,45820,518400,44879,8100,1628100,366184,1036800,16200
326,648615126,650570229,1955103,1955138,36494,518400,34352,8100,1628100,291576,1036800,24300
327,650570264,652610531,2040267,2040302,45960,518400,44979,8100,1628100,367304,1036800,16200
328,652610566,654566602,1956036,1956071,36603,518400,34462,8100,1628100,292448,1036800,24300
329,654566637,656607991,2041354,2041389,46077,518400,45144,8100,1628100,368240,1036800,16200
330,656608026,658564694,1956668,1956703,36671,518400,34459,8100,1628100,292992,1036800,24300
331,658564729,660606396,2041667,2041702,46115,518400,45136,8100,1628100,368544,1036800,16200
332,660606431,662563324,1956893,1956928,36693,518400,34559,8100,1628100,293168,1036800,24300
333,662563359,664520303,1956944,1956979,36705,518400,34533,8100,1628100,293264,1036800,24300
334,664520338,666562678,2042340,2042375,46186,518400,45216,8100,1628100,369112,1036800,16200
335,666562713,668519122,1956409,1956444,36643,518400,34353,8100,1628100,292768,1036800,24300
336,668519157,670560644,2041487,2041522,46094,518400,45105,8100,1628100,368376,1036800,16200
337,670560679,672515475,1954796,1954831,36460,518400,33965,8100,1628100,291304,1036800,24300
338,672515510,674553120,2037610,2037645,45664,518400,44342,8100,1628100,364936,1036800,16200
339,674553155,676504223,1951068,1951103,36048,518400,33180,8100,1628100,288008,1036800,24300
340,676504258,678538000,2033742,2033777,45234,518400,43696,8100,1628100,361496,1036800,16200
341,678538035,680483525,1945490,1945525,35430,518400,31941,8100,1628100,283064,1036800,24300
342,680483560,682514579,2031019,2031054,44934,518400,42918,8100,1628100,359096,1036800,16200
343,682514614,684465998,1951384,1951419,36081,518400,32212,8100,1628100,288272,1036800,24300
344,684466033,686511485,2045452,2045487,46536,518400,44147,8100,1628100,371912,1036800,16200
345,686511520,688489950,1978430,1978465,39087,518400,34592,8100,1628100,312320,1036800,24300
346,688489985,690532600,2042615,2042650,46222,518400,39975,8100,1628100,369400,1036800,24300
347,690532635,692790601,2257966,2258001,70150,518400,48399,8100,1628100,560824,1036800,32400
348,692790636,695128343,2337707,2337742,79011,518400,93071,8100,1628100,631712,1036800,72900
349,695128378,697085455,1957077,1957112,36713,518400,37760,8100,1628100,293328,1036800,202500
350,697085490,699078113,1992623,1992658,40665,518400,41744,8100,1628100,324944,1036800,202500
351,699078148,701073170,1995022,1995057,40937,518400,42218,8100,1628100,327120,1036800,202500
352,701073205,703065042,1991837,1991872,40579,518400,41629,8100,1628100,324256,1036800,202500
353,703065077,705051464,1986387,1986422,39972,518400,40796,8100,1628100,319400,1036800,202500
354,705051499,707034363,1982864,1982899,39579,518400,40138,8100,1628100,316256,1036800,202500
355,707034398,709011768,1977370,1977405,38973,518400,39214,8100,1628100,311408,1036800,202500
356,709011803,710987677,1975874,1975909,38803,518400,38777,8100,1628100,310048,1036800,202500
357,710987712,712956473,1968761,1968796,38012,518400,37786,8100,1628100,303720,1036800,202500
358,712956508,714919084,1962576,1962611,37326,518400,36222,8100,1628100,298232,1036800,202500
359,714919119,716872591,1953472,1953507,36312,518400,34759,8100,1628100,290120,1036800,202500
360,716872626,718817062,1944436,1944471,35310,518400,33146,8100,1628100,282104,1036800,202500
361,718817097,720748094,1930997,1931032,33817,518400,31158,8100,1628100,270160,1036800,202500
362,720748129,722665824,1917695,1917730,32338,518400,28840,8100,1628100,258328,1036800,202500
363,722665859,724571966,1906107,1906142,31051,518400,26472,8100,1628100,248032,1036800,186300
364,724572001,726484309,1912308,1912343,31741,518400,27851,8100,1628100,253552,1036800,162000
365,726484344,728406845,1922501,1922536,32877,518400,29398,8100,1628100,262640,1036800,137700
366,728406880,730349028,1942148,1942183,35059,518400,32450,8100,1628100,280096,1036800,113400
367,730349063,732322441,1973378,1973413,38520,518400,37535,8100,1628100,307784,1036800,97200
368,732322476,734291522,1969046,1969081,38045,518400,34809,8100,1628100,303984,1036800,81000
369,734291557,736296962,2005405,2005440,42088,518400,42138,8100,1628100,336328,1036800,72900
370,736296997,738303686,2006689,2006724,42233,518400,39935,8100,1628100,337488,1036800,64800
371,738303721,740303087,1999366,1999401,41418,518400,38712,8100,1628100,330968,1036800,64800
372,740303122,742303169,2000047,2000082,41491,518400,36162,8100,1628100,331552,1036800,56700
373,742303204,744286627,1983423,1983458,39645,518400,34049,8100,1628100,316784,1036800,56700
374,744286662,746331311,2044649,2044684,46443,518400,45481,8100,1628100,371168,1036800,48600
375,746331346,748280788,1949442,1949477,35862,518400,30219,8100,1628100,286520,1036800,56700
376,748280823,750293538,2012715,2012750,42897,518400,41138,8100,1628100,342800,1036800,48600
377,750293573,752304235,2010662,2010697,42668,518400,40977,8100,1628100,340968,1036800,48600
378,752304270,754569390,2265120,2265155,70935,518400,52579,8100,1628100,567104,1036800,72900
379,754569425,756349987,1780562,1780597,17104,518400,9791,8100,1628100,136456,1036800,56700
380,756350022,758198794,1848772,1848807,24679,518400,18515,8100,1628100,197056,1036800,32400
381,758198829,760155677,1956848,1956883,36688,518400,29804,8100,1628100,293128,1036800,24300
382,760155712,762148826,1993114,1993149,40712,518400,34257,8100,1628100,325320,1036800,24300
383,762148861,764187804,2038943,2038978,45806,518400,38983,8100,1628100,366072,1036800,24300
384,764187839,766263314,2075475,2075510,49870,518400,43165,8100,1628100,398584,1036800,24300
385,766263349,768372847,2109498,2109533,53648,518400,46783,8100,1628100,428808,1036800,24300
386,768372882,770414118,2041236,2041271,46062,518400,38790,8100,1628100,368120,1036800,32400
387,770414153,772477480,2063327,2063362,48519,518400,40965,8100,1628100,387776,1036800,32400
388,772477515,774489361,2011846,2011881,42800,518400,39296,8100,1628100,342024,1036800,48600
389,774489396,776494347,2004951,2004986,42036,518400,38960,8100,1628100,335912,1036800,48600
390,776494382,778433418,1939036,1939071,34702,518400,26784,8100,1628100,277240,1036800,56700
391,778433453,780355206,1921753,1921788,32788,518400,24609,8100,1628100,261928,1036800,56700
392,780355241,782305393,1950152,1950187,35941,518400,31687,8100,1628100,287152,1036800,48600
393,782305428,784219925,1914497,1914532,31985,518400,27148,8100,1628100,255504,1036800,40500
394,784219960,786116953,1896993,1897028,30039,518400,24074,8100,1628100,239936,1036800,32400
395,786116988,788038168,1921180,1921215,32724,518400,26969,8100,1628100,261416,1036800,24300
396,788038203,789981652,1943449,1943484,35206,518400,30880,8100,1628100,281272,1036800,16200
397,789981687,791902672,1920985,1921020,32706,518400,28116,8100,1628100,261272,1036800,16200
398,791902707,793812566,1909859,1909894,31470,518400,27044,8100,1628100,251384,1036800,16200
399,793812601,795732641,1920040,1920075,32600,518400,28046,8100,1628100,260424,1036800,16200
400,795732676,797675180,1942504,1942539,35096,518400,30734,8100,1628100,280392,1036800,16200
401,797675215,799628760,1953545,1953580,36324,518400,32068,8100,1628100,290216,1036800,16200
402,799628795,801602668,1973873,1973908,38585,518400,34275,8100,1628100,308304,1036800,16200
403,801602703,803576886,1974183,1974218,38618,518400,34390,8100,1628100,308568,1036800,16200
404,803576921,805566873,1989952,1989987,40368,518400,36086,8100,1628100,322568,1036800,16200
405,805566908,807582791,2015883,2015918,43249,518400,39096,8100,1628100,345616,1036800,16200
406,807582826,809768299,2185473,2185508,62097,518400,59151,8100,1628100,496400,1036800,16200
407,809768334,811929157,2160823,2160858,59355,518400,56766,8100,1628100,474464,1036800,16200
408,811929192,813995373,2066181,2066216,48837,518400,45434,8100,1628100,390320,1036800,16200
409,813995408,816112833,2117425,2117460,54537,518400,50902,8100,1628100,435920,1036800,16200
410,816112868,818410942,2298074,2298109,74600,518400,70642,8100,1628100,596424,1036800,16200
411,818410977,820453795,2042818,2042853,46245,518400,40497,8100,1628100,369584,1036800,32400
412,820453830,822409446,1955616,1955651,36554,518400,34937,8100,1628100,292056,1036800,40500
413,822409481,824363895,1954414,1954449,36420,518400,35039,8100,1628100,290984,1036800,40500
414,824363930,826319694,1955764,1955799,36563,518400,36608,8100,1628100,292128,1036800,48600
415,826319729,828302869,1983140,1983175,39608,518400,40124,8100,1628100,316488,1036800,48600
416,828302904,830307340,2004436,2004471,41970,518400,42833,8100,1628100,335384,1036800,48600
417,830307375,832271301,1963926,1963961,37473,518400,33277,8100,1628100,299408,1036800,56700
418,832271336,834245969,1974633,1974668,38666,518400,34601,8100,1628100,308952,1036800,56700
419,834246004,836249663,2003659,2003694,41888,518400,37155,8100,1628100,334728,1036800,56700
420,836249698,838227126,1977428,1977463,38974,518400,36269,8100,1628100,311416,1036800,64800
421,838227161,840228635,2001474,2001509,41648,518400,39196,8100,1628100,332808,1036800,64800
422,840228670,842250871,2022201,2022236,43948,518400,42905,8100,1628100,351208,1036800,72900
423,842250906,844249767,1998861,1998896,41359,518400,37309,8100,1628100,330496,1036800,89100
424,844249802,846231749,1981947,1981982,39485,518400,32833,8100,1628100,315504,1036800,105300
425,846231784,848270949,2039165,2039200,45837,518400,40481,8100,1628100,366320,1036800,97200
426,848270984,850243770,1972786,1972821,38462,518400,29839,8100,1628100,307320,1036800,105300
427,850243805,852216657,1972852,1972887,38469,518400,30929,8100,1628100,307376,1036800,113400
428,852216692,854186357,1969665,1969700,38115,518400,31009,8100,1628100,304544,1036800,113400
429,854186392,856171960,1985568,1985603,39883,518400,34816,8100,1628100,318688,1036800,121500
430,856171995,858063704,1891709,1891744,29452,518400,27075,8100,1628100,235240,1036800,113400
431,858063739,859987977,1924238,1924273,33068,518400,33909,8100,1628100,264168,1036800,89100
432,859988012,861910309,1922297,1922332,32849,518400,33125,8100,1628100,262416,1036800,81000
433,861910344,863906917,1996573,1996608,41100,518400,44258,8100,1628100,328424,1036800,64800
434,863906952,865920096,2013144,2013179,42945,518400,43558,8100,1628100,343184,1036800,56700
435,865920131,867932039,2011908,2011943,42807,518400,43213,8100,1628100,342080,1036800,56700
436,867932074,870036488,2104414,2104449,53086,518400,60322,8100,1628100,424312,1036800,48600
437,870036523,872025717,1989194,1989229,40286,518400,42562,8100,1628100,321912,1036800,64800
438,872025752,874016165,1990413,1990448,40422,518400,42699,8100,1628100,323000,1036800,64800
439,874016200,876026799,2010599,2010634,42665,518400,42721,8100,1628100,340944,1036800,56700
440,876026834,878017883,1991049,1991084,40489,518400,42769,8100,1628100,323536,1036800,64800
441,878017918,880029817,2011899,2011934,42805,518400,42800,8100,1628100,342064,1036800,56700
442,880029852,882020420,1990568,1990603,40430,518400,42745,8100,1628100,323064,1036800,64800
443,882020455,884031229,2010774,2010809,42680,518400,42932,8100,1628100,341064,1036800,56700
444,884031264,886021790,1990526,1990561,40432,518400,42937,8100,1628100,323080,1036800,64800
445,886021825,888012891,1991066,1991101,40492,518400,43120,8100,1628100,323560,1036800,64800
446,888012926,890004473,1991547,1991582,40548,518400,43184,8100,1628100,324008,1036800,64800
447,890004508,892017444,2012936,2012971,42920,518400,43403,8100,1628100,342984,1036800,56700
448,892017479,894009835,1992356,1992391,40633,518400,43217,8100,1628100,324688,1036800,64800
449,894009870,896001629,1991759,1991794,40566,518400,43141,8100,1628100,324168,1036800,64800
