event,picture,cycle,interval,bank,debug
header,1,43,0,0,80000000
complete,1,1674091,1674091,0,80000000
header,2,1674127,0,1,c0000000
complete,2,3457453,1783362,1,c0000000
header,3,3457489,0,2,c4000000
ready,2,3457490,37,1,cc000000
present,2,4305711,2631620,1,c0000000
complete,3,6292446,2834993,2,c0000000
header,4,6292482,0,0,c4000000
ready,3,6292483,37,2,cc000000
present,3,6307711,2002000,2,c0000000
complete,4,8294446,2002000,0,c0000000
header,5,8294482,0,1,c4000000
ready,4,8294483,37,0,cc000000
present,4,8309711,2002000,0,c0000000
complete,5,10296446,2002000,1,c0000000
header,6,10296482,0,2,c4000000
ready,5,10296483,37,1,cc000000
present,5,10311711,2002000,1,c0000000
complete,6,12298754,2002308,2,c0000000
header,7,12298790,0,0,c4000000
ready,6,12298791,37,2,cc000000
present,6,12313711,2002000,2,c0000000
complete,7,14300716,2001962,0,c0000000
header,8,14300752,0,1,c4000000
ready,7,14300753,37,0,cc000000
present,7,14315711,2002000,0,c0000000
complete,8,16302801,2002085,1,c0000000
header,9,16302837,0,2,c4000000
ready,8,16302838,37,1,cc000000
present,8,16317711,2002000,1,c0000000
complete,9,18304743,2001942,2,c0000000
header,10,18304779,0,0,c4000000
ready,9,18304780,37,2,cc000000
present,9,18319711,2002000,2,c0000000
complete,10,20306968,2002225,0,c0000000
header,11,20307004,0,1,c4000000
ready,10,20307005,37,0,cc000000
present,10,20321711,2002000,0,c0000000
complete,11,22308863,2001895,1,c0000000
header,12,22308899,0,2,c4000000
ready,11,22308900,37,1,cc000000
present,11,22323711,2002000,1,c0000000
complete,12,24310895,2002032,2,c0000000
header,13,24310931,0,0,c4000000
ready,12,24310932,37,2,cc000000
present,12,24325711,2002000,2,c0000000
complete,13,26312811,2001916,0,c0000000
header,14,26312847,0,1,c4000000
ready,13,26312848,37,0,cc000000
present,13,26327711,2002000,0,c0000000
complete,14,28314866,2002055,1,c0000000
header,15,28314902,0,2,c4000000
ready,14,28314903,37,1,cc000000
present,14,28329711,2002000,1,c0000000
complete,15,30316839,2001973,2,c0000000
header,16,30316875,0,0,c4000000
ready,15,30316876,37,2,cc000000
present,15,30331711,2002000,2,c0000000
complete,16,32318810,2001971,0,c0000000
header,17,32318846,0,1,c4000000
ready,16,32318847,37,0,cc000000
present,16,32333711,2002000,0,c0000000
complete,17,34320866,2002056,1,c0000000
header,18,34320902,0,2,c4000000
ready,17,34320903,37,1,cc000000
present,17,34335711,2002000,1,c0000000
complete,18,36322859,2001993,2,c0000000
header,19,36322895,0,0,c4000000
ready,18,36322896,37,2,cc000000
present,18,36337711,2002000,2,c0000000
complete,19,38324802,2001943,0,c0000000
header,20,38324838,0,1,c4000000
ready,19,38324839,37,0,cc000000
present,19,38339711,2002000,0,c0000000
complete,20,40326801,2001999,1,c0000000
header,21,40326837,0,2,c4000000
ready,20,40326838,37,1,cc000000
present,20,40341711,2002000,1,c0000000
complete,21,42328781,2001980,2,c0000000
header,22,42328817,0,0,c4000000
ready,21,42328818,37,2,cc000000
present,21,42343711,2002000,2,c0000000
complete,22,44330792,2002011,0,c0000000
header,23,44330828,0,1,c4000000
ready,22,44330829,37,0,cc000000
present,22,44345711,2002000,0,c0000000
complete,23,46332808,2002016,1,c0000000
header,24,46332844,0,2,c4000000
ready,23,46332845,37,1,cc000000
present,23,46347711,2002000,1,c0000000
complete,24,48334825,2002017,2,c0000000
header,25,48334861,0,0,c4000000
ready,24,48334862,37,2,cc000000
present,24,48349711,2002000,2,c0000000
complete,25,50336791,2001966,0,c0000000
header,26,50336827,0,1,c4000000
ready,25,50336828,37,0,cc000000
present,25,50351711,2002000,0,c0000000
complete,26,52338796,2002005,1,c0000000
header,27,52338832,0,2,c4000000
ready,26,52338833,37,1,cc000000
present,26,52353711,2002000,1,c0000000
complete,27,54340742,2001946,2,c0000000
header,28,54340778,0,0,c4000000
ready,27,54340779,37,2,cc000000
present,27,54355711,2002000,2,c0000000
complete,28,56342742,2002000,0,c0000000
header,29,56342778,0,1,c4000000
ready,28,56342779,37,0,cc000000
present,28,56357711,2002000,0,c0000000
complete,29,58344681,2001939,1,c0000000
header,30,58344717,0,2,c4000000
ready,29,58344718,37,1,cc000000
present,29,58359711,2002000,1,c0000000
complete,30,60346748,2002067,2,c0000000
header,31,60346784,0,0,c4000000
ready,30,60346785,37,2,cc000000
present,30,60361711,2002000,2,c0000000
complete,31,62348783,2002035,0,c0000000
header,32,62348819,0,1,c4000000
ready,31,62348820,37,0,cc000000
present,31,62363711,2002000,0,c0000000
complete,32,64350732,2001949,1,c0000000
header,33,64350768,0,2,c4000000
ready,32,64350769,37,1,cc000000
present,32,64365711,2002000,1,c0000000
complete,33,66352701,2001969,2,c0000000
header,34,66352737,0,0,c4000000
ready,33,66352738,37,2,cc000000
present,33,66367711,2002000,2,c0000000
complete,34,68354687,2001986,0,c0000000
header,35,68354723,0,1,c4000000
ready,34,68354724,37,0,cc000000
present,34,68369711,2002000,0,c0000000
complete,35,70356737,2002050,1,c0000000
header,36,70356773,0,2,c4000000
ready,35,70356774,37,1,cc000000
present,35,70371711,2002000,1,c0000000
complete,36,72358743,2002006,2,c0000000
header,37,72358779,0,0,c4000000
ready,36,72358780,37,2,cc000000
present,36,72373711,2002000,2,c0000000
complete,37,74360725,2001982,0,c0000000
header,38,74360761,0,1,c4000000
ready,37,74360762,37,0,cc000000
present,37,74375711,2002000,0,c0000000
complete,38,76362776,2002051,1,c0000000
header,39,76362812,0,2,c4000000
ready,38,76362813,37,1,cc000000
present,38,76377711,2002000,1,c0000000
complete,39,78364751,2001975,2,c0000000
header,40,78364787,0,0,c4000000
ready,39,78364788,37,2,cc000000
present,39,78379711,2002000,2,c0000000
complete,40,80366733,2001982,0,c0000000
header,41,80366769,0,1,c4000000
ready,40,80366770,37,0,cc000000
present,40,80381711,2002000,0,c0000000
complete,41,82368769,2002036,1,c0000000
header,42,82368805,0,2,c4000000
ready,41,82368806,37,1,cc000000
present,41,82383711,2002000,1,c0000000
complete,42,84370727,2001958,2,c0000000
header,43,84370763,0,0,c4000000
ready,42,84370764,37,2,cc000000
present,42,84385711,2002000,2,c0000000
complete,43,86372755,2002028,0,c0000000
header,44,86372791,0,1,c4000000
ready,43,86372792,37,0,cc000000
present,43,86387711,2002000,0,c0000000
complete,44,88374722,2001967,1,c0000000
header,45,88374758,0,2,c4000000
ready,44,88374759,37,1,cc000000
present,44,88389711,2002000,1,c0000000
complete,45,90376752,2002030,2,c0000000
header,46,90376788,0,0,c4000000
ready,45,90376789,37,2,cc000000
present,45,90391711,2002000,2,c0000000
complete,46,92378729,2001977,0,c0000000
header,47,92378765,0,1,c4000000
ready,46,92378766,37,0,cc000000
present,46,92393711,2002000,0,c0000000
complete,47,94380722,2001993,1,c0000000
header,48,94380758,0,2,c4000000
ready,47,94380759,37,1,cc000000
present,47,94395711,2002000,1,c0000000
complete,48,96397400,2016678,2,c0000000
header,49,96397436,0,0,c4000000
ready,48,96397437,37,2,cc000000
present,48,96397711,2002000,2,c0000000
empty_window,49,98399711,0,2,c0000000
complete,49,98403915,2006515,0,c0000000
header,50,98403951,0,1,c4000000
ready,49,98403952,37,0,cc000000
present,49,100401711,4004000,0,c0000000
complete,50,102354984,3951069,1,c0000000
header,51,102355020,0,2,c4000000
ready,50,102355021,37,1,cc000000
present,50,102403711,2002000,1,c0000000
complete,51,104390812,2035828,2,c0000000
header,52,104390848,0,0,c4000000
ready,51,104390849,37,2,cc000000
present,51,104405711,2002000,2,c0000000
complete,52,106392719,2001907,0,c0000000
header,53,106392755,0,1,c4000000
ready,52,106392756,37,0,cc000000
present,52,106407711,2002000,0,c0000000
empty_window,53,108409711,0,0,c0000000
complete,53,108429901,2037182,1,c0000000
header,54,108429937,0,2,c4000000
ready,53,108429938,37,1,cc000000
present,53,110411711,4004000,1,c0000000
empty_window,54,112413711,0,1,c0000000
complete,54,112437254,4007353,2,c0000000
header,55,112437290,0,0,c4000000
ready,54,112437291,37,2,cc000000
present,54,114415711,4004000,2,c0000000
complete,55,116329002,3891748,0,c0000000
header,56,116329038,0,1,c4000000
ready,55,116329039,37,0,cc000000
present,55,116417711,2002000,0,c0000000
complete,56,118404739,2075737,1,c0000000
header,57,118404775,0,2,c4000000
ready,56,118404776,37,1,cc000000
present,56,118419711,2002000,1,c0000000
complete,57,120406742,2002003,2,c0000000
header,58,120406778,0,0,c4000000
ready,57,120406779,37,2,cc000000
present,57,120421711,2002000,2,c0000000
empty_window,58,122423711,0,2,c0000000
complete,58,122468883,2062141,0,c0000000
header,59,122468919,0,1,c4000000
ready,58,122468920,37,0,cc000000
present,58,124425711,4004000,0,c0000000
empty_window,59,126427711,0,0,c0000000
complete,59,126478507,4009624,1,c0000000
header,60,126478543,0,2,c4000000
ready,59,126478544,37,1,cc000000
present,59,128429711,4004000,1,c0000000
complete,60,130290912,3812405,2,c0000000
header,61,130290948,0,0,c4000000
ready,60,130290949,37,2,cc000000
present,60,130431711,2002000,2,c0000000
complete,61,132418739,2127827,0,c0000000
header,62,132418775,0,1,c4000000
ready,61,132418776,37,0,cc000000
present,61,132433711,2002000,0,c0000000
complete,62,134420752,2002013,1,c0000000
header,63,134420788,0,2,c4000000
ready,62,134420789,37,1,cc000000
present,62,134435711,2002000,1,c0000000
empty_window,63,136437711,0,1,c0000000
complete,63,136513287,2092535,2,c0000000
header,64,136513323,0,0,c4000000
ready,63,136513324,37,2,cc000000
present,63,138439711,4004000,2,c0000000
complete,64,140336247,3822960,0,c0000000
header,65,140336283,0,1,c4000000
ready,64,140336284,37,0,cc000000
present,64,140441711,2002000,0,c0000000
complete,65,142428797,2092550,1,c0000000
header,66,142428833,0,2,c4000000
ready,65,142428834,37,1,cc000000
present,65,142443711,2002000,1,c0000000
complete,66,144430765,2001968,2,c0000000
header,67,144430801,0,0,c4000000
ready,66,144430802,37,2,cc000000
present,66,144445711,2002000,2,c0000000
complete,67,146432772,2002007,0,c0000000
header,68,146432808,0,1,c4000000
ready,67,146432809,37,0,cc000000
present,67,146447711,2002000,0,c0000000
complete,68,148434768,2001996,1,c0000000
header,69,148434804,0,2,c4000000
ready,68,148434805,37,1,cc000000
present,68,148449711,2002000,1,c0000000
complete,69,150436760,2001992,2,c0000000
header,70,150436796,0,0,c4000000
ready,69,150436797,37,2,cc000000
present,69,150451711,2002000,2,c0000000
complete,70,152438778,2002018,0,c0000000
header,71,152438814,0,1,c4000000
ready,70,152438815,37,0,cc000000
present,70,152453711,2002000,0,c0000000
complete,71,154440759,2001981,1,c0000000
header,72,154440795,0,2,c4000000
ready,71,154440796,37,1,cc000000
present,71,154455711,2002000,1,c0000000
complete,72,156442762,2002003,2,c0000000
header,73,156442798,0,0,c4000000
ready,72,156442799,37,2,cc000000
present,72,156457711,2002000,2,c0000000
complete,73,158444754,2001992,0,c0000000
header,74,158444790,0,1,c4000000
ready,73,158444791,37,0,cc000000
present,73,158459711,2002000,0,c0000000
complete,74,160446752,2001998,1,c0000000
header,75,160446788,0,2,c4000000
ready,74,160446789,37,1,cc000000
present,74,160461711,2002000,1,c0000000
complete,75,162448711,2001959,2,c0000000
header,76,162448747,0,0,c4000000
ready,75,162448748,37,2,cc000000
present,75,162463711,2002000,2,c0000000
complete,76,164450765,2002054,0,c0000000
header,77,164450801,0,1,c4000000
ready,76,164450802,37,0,cc000000
present,76,164465711,2002000,0,c0000000
complete,77,166452762,2001997,1,c0000000
header,78,166452798,0,2,c4000000
ready,77,166452799,37,1,cc000000
present,77,166467711,2002000,1,c0000000
complete,78,168454761,2001999,2,c0000000
header,79,168454797,0,0,c4000000
ready,78,168454798,37,2,cc000000
present,78,168469711,2002000,2,c0000000
complete,79,170456745,2001984,0,c0000000
header,80,170456781,0,1,c4000000
ready,79,170456782,37,0,cc000000
present,79,170471711,2002000,0,c0000000
complete,80,172458819,2002074,1,c0000000
header,81,172458855,0,2,c4000000
ready,80,172458856,37,1,cc000000
present,80,172473711,2002000,1,c0000000
complete,81,174460795,2001976,2,c0000000
header,82,174460831,0,0,c4000000
ready,81,174460832,37,2,cc000000
present,81,174475711,2002000,2,c0000000
complete,82,176462787,2001992,0,c0000000
header,83,176462823,0,1,c4000000
ready,82,176462824,37,0,cc000000
present,82,176477711,2002000,0,c0000000
complete,83,178464732,2001945,1,c0000000
header,84,178464768,0,2,c4000000
ready,83,178464769,37,1,cc000000
present,83,178479711,2002000,1,c0000000
complete,84,180466773,2002041,2,c0000000
header,85,180466809,0,0,c4000000
ready,84,180466810,37,2,cc000000
present,84,180481711,2002000,2,c0000000
complete,85,182468750,2001977,0,c0000000
header,86,182468786,0,1,c4000000
ready,85,182468787,37,0,cc000000
present,85,182483711,2002000,0,c0000000
complete,86,184470765,2002015,1,c0000000
header,87,184470801,0,2,c4000000
ready,86,184470802,37,1,cc000000
present,86,184485711,2002000,1,c0000000
complete,87,186472741,2001976,2,c0000000
header,88,186472777,0,0,c4000000
ready,87,186472778,37,2,cc000000
present,87,186487711,2002000,2,c0000000
complete,88,188474772,2002031,0,c0000000
header,89,188474808,0,1,c4000000
ready,88,188474809,37,0,cc000000
present,88,188489711,2002000,0,c0000000
complete,89,190476749,2001977,1,c0000000
header,90,190476785,0,2,c4000000
ready,89,190476786,37,1,cc000000
present,89,190491711,2002000,1,c0000000
complete,90,192478810,2002061,2,c0000000
header,91,192478846,0,0,c4000000
ready,90,192478847,37,2,cc000000
present,90,192493711,2002000,2,c0000000
complete,91,194480724,2001914,0,c0000000
header,92,194480760,0,1,c4000000
ready,91,194480761,37,0,cc000000
present,91,194495711,2002000,0,c0000000
complete,92,196482709,2001985,1,c0000000
header,93,196482745,0,2,c4000000
ready,92,196482746,37,1,cc000000
present,92,196497711,2002000,1,c0000000
complete,93,198484779,2002070,2,c0000000
header,94,198484815,0,0,c4000000
ready,93,198484816,37,2,cc000000
present,93,198499711,2002000,2,c0000000
complete,94,200486700,2001921,0,c0000000
header,95,200486736,0,1,c4000000
ready,94,200486737,37,0,cc000000
present,94,200501711,2002000,0,c0000000
complete,95,202488753,2002053,1,c0000000
header,96,202488789,0,2,c4000000
ready,95,202488790,37,1,cc000000
present,95,202503711,2002000,1,c0000000
complete,96,204490767,2002014,2,c0000000
header,97,204490803,0,0,c4000000
ready,96,204490804,37,2,cc000000
present,96,204505711,2002000,2,c0000000
complete,97,206492750,2001983,0,c0000000
header,98,206492786,0,1,c4000000
ready,97,206492787,37,0,cc000000
present,97,206507711,2002000,0,c0000000
complete,98,208494778,2002028,1,c0000000
header,99,208494814,0,2,c4000000
ready,98,208494815,37,1,cc000000
present,98,208509711,2002000,1,c0000000
complete,99,210496774,2001996,2,c0000000
header,100,210496810,0,0,c4000000
ready,99,210496811,37,2,cc000000
present,99,210511711,2002000,2,c0000000
complete,100,212498764,2001990,0,d0000000
ready,100,212498765,1,0,cc000000
present,100,212513711,2002000,0,c0000000
